{"content":{"c":{"o":["d4bb0039-5015-4f96-8eab-0072bcc4ae3d"],"B":{"d4bb0039-5015-4f96-8eab-0072bcc4ae3d":{"k":"d4bb0039-5015-4f96-8eab-0072bcc4ae3d","h":{"t":"Protocol for Guest Engagement","s":"","k":"","ds":{"tc":"#FFFFFF","cis":{"s":"data/islen-91158226/9e06e464-ad32-11f0-b245-06c060c557c2.png","w":2304,"h":996,"i":false,"c":"#000000","o":0.3,"iEM":"{\"version\":5,\"objects\":[],\"crop\":{\"top\":107,\"right\":0,\"bottom\":689,\"left\":0},\"clip\":\"rectangle\",\"objectSettings\":{}}"}}},"cs":{"b":{"o":["2ae2576d-14b1-40fb-86a8-6130ad44aeee","4ba5429e-c222-4bc8-b622-f75d3aafadec","d125c07a-f9f2-4385-9bd2-57c165b01c8a","08c2db16-b399-419d-bb6b-1dad3ec19f73","24e931d0-28bc-4144-bd2c-f2fc021469e9","cfd34867-fadb-4982-9925-c90a3e2bb8b9","b80c7dcc-c71d-4142-a4fe-e628958e0d48","0c13705d-1180-4183-b168-b8358038e72f","80ceb196-7928-49ce-afd2-a43ab1ea8059","734a67cb-8022-4c01-a99d-6719e91b241c","85434b4e-a2b2-433e-a703-2cd7272b7e89","38327ea2-4e79-428f-8542-1e48c5b5e04e","a497f252-ff61-499d-8dd9-169fc405a13a","8d09f939-8c8c-4abc-bb71-1eae5568e520","f06add7b-0498-4b5f-a350-3b0e93505324","ada8006e-3ec6-4fd6-9d16-d38ae524f098","2b578427-1372-4ebd-8e0e-4984d15a4257","3e35da58-8392-4433-93c2-2c19e2d251f4","8e771ca5-c5dd-405a-ba35-dc1a50c7b8b1","204d1b6c-a65f-4858-ae44-01e71c1515e3","38fe168f-bd92-4cd0-b42e-bf35b43afe7c","60edbf4e-9b08-469a-aba5-5afd11bb33ec","c88e8e40-779d-4254-b889-1f864e0fdd15","83fd8537-a81d-4e43-82ea-78d6c5066c1e","5bc46094-3dc1-4946-bed6-c1e4589f8e45","4ac6755a-48d0-425e-af45-20a64bca5b88","d5bf7c7b-1bd6-4795-85cc-715ee49653c0","af0b0a5b-6f5a-41a9-be3c-22b300246790","2dd8e928-6caf-4fba-91da-a922b3ffba8e","b1ea6207-82e5-4070-8a08-1706d4b6a401","5cd99e12-3cee-4de2-b91a-9e74801ee69a","d53cb424-fa14-4558-9941-f77757359018","34dc5197-af43-446d-b8eb-75fb9984f199","d84f583b-0a94-45e0-9bfb-2bc0d0f670dd"],"B":{"4ba5429e-c222-4bc8-b622-f75d3aafadec":{"t":"p","k":"4ba5429e-c222-4bc8-b622-f75d3aafadec","v":"text","tA":"left","c":[{"t":"T"},{"t":"h"},{"t":"i"},{"t":"s"},{"t":" "},{"t":"s"},{"t":"e"},{"t":"c"},{"t":"t"},{"t":"i"},{"t":"o"},{"t":"n"},{"t":" "},{"t":"f"},{"t":"o"},{"t":"c"},{"t":"u"},{"t":"s"},{"t":"e"},{"t":"s"},{"t":" "},{"t":"o"},{"t":"n"},{"t":" "},{"t":"i"},{"t":"n"},{"t":"i"},{"t":"t"},{"t":"i"},{"t":"a"},{"t":"t"},{"t":"i"},{"t":"n"},{"t":"g"},{"t":" "},{"t":"p"},{"t":"o"},{"t":"s"},{"t":"i"},{"t":"t"},{"t":"i"},{"t":"v"},{"t":"e"},{"t":" "},{"t":"c"},{"t":"o"},{"t":"n"},{"t":"t"},{"t":"a"},{"t":"c"},{"t":"t"},{"t":" "},{"t":"a"},{"t":"n"},{"t":"d"},{"t":" "},{"t":"c"},{"t":"r"},{"t":"e"},{"t":"a"},{"t":"t"},{"t":"i"},{"t":"n"},{"t":"g"},{"t":" "},{"t":"a"},{"t":"n"},{"t":" "},{"t":"i"},{"t":"m"},{"t":"m"},{"t":"e"},{"t":"d"},{"t":"i"},{"t":"a"},{"t":"t"},{"t":"e"},{"t":","},{"t":" "},{"t":"w"},{"t":"e"},{"t":"l"},{"t":"c"},{"t":"o"},{"t":"m"},{"t":"i"},{"t":"n"},{"t":"g"},{"t":" "},{"t":"a"},{"t":"t"},{"t":"m"},{"t":"o"},{"t":"s"},{"t":"p"},{"t":"h"},{"t":"e"},{"t":"r"},{"t":"e"},{"t":" "},{"t":"f"},{"t":"o"},{"t":"r"},{"t":" "},{"t":"v"},{"t":"i"},{"t":"s"},{"t":"i"},{"t":"t"},{"t":"o"},{"t":"r"},{"t":"s"},{"t":" "},{"t":"a"},{"t":"t"},{"t":" "},{"t":"t"},{"t":"h"},{"t":"e"},{"t":" "},{"t":"H"},{"t":"i"},{"t":"s"},{"t":"t"},{"t":"o"},{"t":"r"},{"t":"i"},{"t":"c"},{"t":"a"},{"t":"l"},{"t":" "},{"t":"S"},{"t":"o"},{"t":"c"},{"t":"i"},{"t":"e"},{"t":"t"},{"t":"y"},{"t":" "},{"t":"M"},{"t":"u"},{"t":"s"},{"t":"e"},{"t":"u"},{"t":"m"},{"t":" "},{"t":"a"},{"t":"n"},{"t":"d"},{"t":" "},{"t":"t"},{"t":"h"},{"t":"e"},{"t":" "},{"t":"P"},{"t":"l"},{"t":"y"},{"t":"m"},{"t":"i"},{"t":"r"},{"t":"e"},{"t":"-"},{"t":"S"},{"t":"c"},{"t":"h"},{"t":"w"},{"t":"a"},{"t":"r"},{"t":"z"},{"t":" "},{"t":"H"},{"t":"o"},{"t":"u"},{"t":"s"},{"t":"e"},{"t":"."}]},"d125c07a-f9f2-4385-9bd2-57c165b01c8a":{"t":"p","k":"d125c07a-f9f2-4385-9bd2-57c165b01c8a","v":"text","tA":"left","c":[{"t":"P","m":{"#":[1]}},{"t":"r","m":{"#":[1]}},{"t":"o","m":{"#":[1]}},{"t":"a","m":{"#":[1]}},{"t":"c","m":{"#":[1]}},{"t":"t","m":{"#":[1]}},{"t":"i","m":{"#":[1]}},{"t":"v","m":{"#":[1]}},{"t":"e","m":{"#":[1]}},{"t":" ","m":{"#":[1]}},{"t":"P","m":{"#":[1]}},{"t":"r","m":{"#":[1]}},{"t":"e","m":{"#":[1]}},{"t":"s","m":{"#":[1]}},{"t":"e","m":{"#":[1]}},{"t":"n","m":{"#":[1]}},{"t":"c","m":{"#":[1]}},{"t":"e","m":{"#":[1]}}],"ds":{"it":1}},"b80c7dcc-c71d-4142-a4fe-e628958e0d48":{"t":"p","k":"b80c7dcc-c71d-4142-a4fe-e628958e0d48","v":"text","tA":"left","c":[{"t":" "},{"t":"T","m":{"#":[1]}},{"t":"h","m":{"#":[1]}},{"t":"e","m":{"#":[1]}},{"t":" ","m":{"#":[1]}},{"t":"3","m":{"#":[1]}},{"t":"-","m":{"#":[1]}},{"t":"P","m":{"#":[1]}},{"t":"a","m":{"#":[1]}},{"t":"r","m":{"#":[1]}},{"t":"t","m":{"#":[1]}},{"t":" ","m":{"#":[1]}},{"t":"G","m":{"#":[1]}},{"t":"r","m":{"#":[1]}},{"t":"e","m":{"#":[1]}},{"t":"e","m":{"#":[1]}},{"t":"t","m":{"#":[1]}},{"t":"i","m":{"#":[1]}},{"t":"n","m":{"#":[1]}},{"t":"g","m":{"#":[1]}},{"t":" "}],"ds":{"it":1}},"85434b4e-a2b2-433e-a703-2cd7272b7e89":{"t":"p","k":"85434b4e-a2b2-433e-a703-2cd7272b7e89","v":"h3","tA":"left","c":[{"t":"I"},{"t":"I"},{"t":"."},{"t":" "},{"t":"E"},{"t":"f"},{"t":"f"},{"t":"e"},{"t":"c"},{"t":"t"},{"t":"i"},{"t":"v"},{"t":"e"},{"t":" "},{"t":"Q"},{"t":"u"},{"t":"e"},{"t":"s"},{"t":"t"},{"t":"i"},{"t":"o"},{"t":"n"},{"t":" "},{"t":"a"},{"t":"n"},{"t":"d"},{"t":" "},{"t":"I"},{"t":"n"},{"t":"f"},{"t":"o"},{"t":"r"},{"t":"m"},{"t":"a"},{"t":"t"},{"t":"i"},{"t":"o"},{"t":"n"},{"t":" "},{"t":"E"},{"t":"x"},{"t":"c"},{"t":"h"},{"t":"a"},{"t":"n"},{"t":"g"},{"t":"e"}]},"38327ea2-4e79-428f-8542-1e48c5b5e04e":{"t":"p","k":"38327ea2-4e79-428f-8542-1e48c5b5e04e","v":"text","tA":"left","c":[{"t":"T"},{"t":"h"},{"t":"i"},{"t":"s"},{"t":" "},{"t":"s"},{"t":"e"},{"t":"c"},{"t":"t"},{"t":"i"},{"t":"o"},{"t":"n"},{"t":" "},{"t":"i"},{"t":"n"},{"t":"t"},{"t":"e"},{"t":"g"},{"t":"r"},{"t":"a"},{"t":"t"},{"t":"e"},{"t":"s"},{"t":" "},{"t":"a"},{"t":"c"},{"t":"t"},{"t":"i"},{"t":"v"},{"t":"e"},{"t":" "},{"t":"l"},{"t":"i"},{"t":"s"},{"t":"t"},{"t":"e"},{"t":"n"},{"t":"i"},{"t":"n"},{"t":"g"},{"t":" "},{"t":"s"},{"t":"k"},{"t":"i"},{"t":"l"},{"t":"l"},{"t":"s"},{"t":" "},{"t":"i"},{"t":"n"},{"t":"t"},{"t":"o"},{"t":" "},{"t":"a"},{"t":" "},{"t":"s"},{"t":"t"},{"t":"r"},{"t":"u"},{"t":"c"},{"t":"t"},{"t":"u"},{"t":"r"},{"t":"e"},{"t":"d"},{"t":" "},{"t":"p"},{"t":"r"},{"t":"o"},{"t":"c"},{"t":"e"},{"t":"s"},{"t":"s"},{"t":" "},{"t":"f"},{"t":"o"},{"t":"r"},{"t":" "},{"t":"h"},{"t":"a"},{"t":"n"},{"t":"d"},{"t":"l"},{"t":"i"},{"t":"n"},{"t":"g"},{"t":" "},{"t":"v"},{"t":"i"},{"t":"s"},{"t":"i"},{"t":"t"},{"t":"o"},{"t":"r"},{"t":" "},{"t":"i"},{"t":"n"},{"t":"q"},{"t":"u"},{"t":"i"},{"t":"r"},{"t":"i"},{"t":"e"},{"t":"s"},{"t":","},{"t":" "},{"t":"e"},{"t":"n"},{"t":"s"},{"t":"u"},{"t":"r"},{"t":"i"},{"t":"n"},{"t":"g"},{"t":" "},{"t":"t"},{"t":"h"},{"t":"e"},{"t":" "},{"t":"v"},{"t":"o"},{"t":"l"},{"t":"u"},{"t":"n"},{"t":"t"},{"t":"e"},{"t":"e"},{"t":"r"},{"t":" "},{"t":"a"},{"t":"d"},{"t":"d"},{"t":"r"},{"t":"e"},{"t":"s"},{"t":"s"},{"t":"e"},{"t":"s"},{"t":" "},{"t":"t"},{"t":"h"},{"t":"e"},{"t":" "},{"t":"v"},{"t":"i"},{"t":"s"},{"t":"i"},{"t":"t"},{"t":"o"},{"t":"r"},{"t":"'"},{"t":"s"},{"t":" "},{"t":"t","m":{"#":[2]}},{"t":"r","m":{"#":[2]}},{"t":"u","m":{"#":[2]}},{"t":"e","m":{"#":[2]}},{"t":" "},{"t":"n"},{"t":"e"},{"t":"e"},{"t":"d"},{"t":"."}]},"a497f252-ff61-499d-8dd9-169fc405a13a":{"t":"p","k":"a497f252-ff61-499d-8dd9-169fc405a13a","v":"text","tA":"left","c":[{"t":"T","m":{"#":[1]}},{"t":"h","m":{"#":[1]}},{"t":"e","m":{"#":[1]}},{"t":" ","m":{"#":[1]}},{"t":"A","m":{"#":[1]}},{"t":"c","m":{"#":[1]}},{"t":"t","m":{"#":[1]}},{"t":"i","m":{"#":[1]}},{"t":"v","m":{"#":[1]}},{"t":"e","m":{"#":[1]}},{"t":" ","m":{"#":[1]}},{"t":"L","m":{"#":[1]}},{"t":"i","m":{"#":[1]}},{"t":"s","m":{"#":[1]}},{"t":"t","m":{"#":[1]}},{"t":"e","m":{"#":[1]}},{"t":"n","m":{"#":[1]}},{"t":"i","m":{"#":[1]}},{"t":"n","m":{"#":[1]}},{"t":"g","m":{"#":[1]}},{"t":" ","m":{"#":[1]}},{"t":"P","m":{"#":[1]}},{"t":"r","m":{"#":[1]}},{"t":"o","m":{"#":[1]}},{"t":"c","m":{"#":[1]}},{"t":"e","m":{"#":[1]}},{"t":"s","m":{"#":[1]}},{"t":"s","m":{"#":[1]}},{"t":" "}]},"38fe168f-bd92-4cd0-b42e-bf35b43afe7c":{"t":"p","k":"38fe168f-bd92-4cd0-b42e-bf35b43afe7c","v":"h3","tA":"left","c":[{"t":"I"},{"t":"I"},{"t":"I"},{"t":"."},{"t":" "},{"t":"T"},{"t":"h"},{"t":"e"},{"t":" "},{"t":"P"},{"t":"r"},{"t":"o"},{"t":"f"},{"t":"e"},{"t":"s"},{"t":"s"},{"t":"i"},{"t":"o"},{"t":"n"},{"t":"a"},{"t":"l"},{"t":" "},{"t":"\""},{"t":"F"},{"t":"i"},{"t":"n"},{"t":"d"},{"t":" "},{"t":"O"},{"t":"u"},{"t":"t"},{"t":"\""},{"t":" "},{"t":"P"},{"t":"r"},{"t":"o"},{"t":"t"},{"t":"o"},{"t":"c"},{"t":"o"},{"t":"l"},{"t":" "},{"t":"("},{"t":"H"},{"t":"a"},{"t":"n"},{"t":"d"},{"t":"l"},{"t":"i"},{"t":"n"},{"t":"g"},{"t":" "},{"t":"U"},{"t":"n"},{"t":"k"},{"t":"n"},{"t":"o"},{"t":"w"},{"t":"n"},{"t":"s"},{"t":")"}]},"60edbf4e-9b08-469a-aba5-5afd11bb33ec":{"t":"p","k":"60edbf4e-9b08-469a-aba5-5afd11bb33ec","v":"text","tA":"left","c":[{"t":"T"},{"t":"h"},{"t":"i"},{"t":"s"},{"t":" "},{"t":"i"},{"t":"s"},{"t":" "},{"t":"t"},{"t":"h"},{"t":"e"},{"t":" "},{"t":"m"},{"t":"o"},{"t":"s"},{"t":"t"},{"t":" "},{"t":"c"},{"t":"r"},{"t":"i"},{"t":"t"},{"t":"i"},{"t":"c"},{"t":"a"},{"t":"l"},{"t":" "},{"t":"p"},{"t":"r"},{"t":"o"},{"t":"c"},{"t":"e"},{"t":"s"},{"t":"s"},{"t":" "},{"t":"f"},{"t":"o"},{"t":"r"},{"t":" "},{"t":"m"},{"t":"a"},{"t":"i"},{"t":"n"},{"t":"t"},{"t":"a"},{"t":"i"},{"t":"n"},{"t":"i"},{"t":"n"},{"t":"g"},{"t":" "},{"t":"p"},{"t":"r"},{"t":"o"},{"t":"f"},{"t":"e"},{"t":"s"},{"t":"s"},{"t":"i"},{"t":"o"},{"t":"n"},{"t":"a"},{"t":"l"},{"t":" "},{"t":"c"},{"t":"r"},{"t":"e"},{"t":"d"},{"t":"i"},{"t":"b"},{"t":"i"},{"t":"l"},{"t":"i"},{"t":"t"},{"t":"y"},{"t":" "},{"t":"w"},{"t":"h"},{"t":"e"},{"t":"n"},{"t":" "},{"t":"a"},{"t":" "},{"t":"v"},{"t":"o"},{"t":"l"},{"t":"u"},{"t":"n"},{"t":"t"},{"t":"e"},{"t":"e"},{"t":"r"},{"t":" "},{"t":"d"},{"t":"o"},{"t":"e"},{"t":"s"},{"t":" "},{"t":"n"},{"t":"o"},{"t":"t"},{"t":" "},{"t":"h"},{"t":"a"},{"t":"v"},{"t":"e"},{"t":" "},{"t":"t"},{"t":"h"},{"t":"e"},{"t":" "},{"t":"a"},{"t":"n"},{"t":"s"},{"t":"w"},{"t":"e"},{"t":"r"},{"t":" "},{"t":"r"},{"t":"e"},{"t":"a"},{"t":"d"},{"t":"i"},{"t":"l"},{"t":"y"},{"t":" "},{"t":"a"},{"t":"v"},{"t":"a"},{"t":"i"},{"t":"l"},{"t":"a"},{"t":"b"},{"t":"l"},{"t":"e"},{"t":"."}]},"c88e8e40-779d-4254-b889-1f864e0fdd15":{"t":"p","k":"c88e8e40-779d-4254-b889-1f864e0fdd15","v":"text","tA":"left","c":[{"t":"A"},{"t":"."},{"t":" "},{"t":"N","m":{"#":[1]}},{"t":"e","m":{"#":[1]}},{"t":"v","m":{"#":[1]}},{"t":"e","m":{"#":[1]}},{"t":"r","m":{"#":[1]}},{"t":" ","m":{"#":[1]}},{"t":"G","m":{"#":[1]}},{"t":"u","m":{"#":[1]}},{"t":"e","m":{"#":[1]}},{"t":"s","m":{"#":[1]}},{"t":"s","m":{"#":[1]}},{"t":" ","m":{"#":[1]}},{"t":"o","m":{"#":[1]}},{"t":"r","m":{"#":[1]}},{"t":" ","m":{"#":[1]}},{"t":"S","m":{"#":[1]}},{"t":"p","m":{"#":[1]}},{"t":"e","m":{"#":[1]}},{"t":"c","m":{"#":[1]}},{"t":"u","m":{"#":[1]}},{"t":"l","m":{"#":[1]}},{"t":"a","m":{"#":[1]}},{"t":"t","m":{"#":[1]}},{"t":"e","m":{"#":[1]}},{"t":" "},{"t":"1"},{"t":"."},{"t":" "},{"t":" "},{"t":"S"},{"t":"t"},{"t":"a"},{"t":"t"},{"t":"e"},{"t":" "},{"t":"h"},{"t":"o"},{"t":"n"},{"t":"e"},{"t":"s"},{"t":"t"},{"t":"l"},{"t":"y"},{"t":" "},{"t":"t"},{"t":"h"},{"t":"a"},{"t":"t"},{"t":" "},{"t":"y"},{"t":"o"},{"t":"u"},{"t":" "},{"t":"d"},{"t":"o"},{"t":" "},{"t":"n"},{"t":"o"},{"t":"t"},{"t":" "},{"t":"k"},{"t":"n"},{"t":"o"},{"t":"w"},{"t":" "},{"t":"t"},{"t":"h"},{"t":"e"},{"t":" "},{"t":"i"},{"t":"m"},{"t":"m"},{"t":"e"},{"t":"d"},{"t":"i"},{"t":"a"},{"t":"t"},{"t":"e"},{"t":" "},{"t":"a"},{"t":"n"},{"t":"s"},{"t":"w"},{"t":"e"},{"t":"r"},{"t":"."},{"t":" "},{"t":"T"},{"t":"h"},{"t":"i"},{"t":"s"},{"t":" "},{"t":"i"},{"t":"s"},{"t":" "},{"t":"a"},{"t":" "},{"t":"s"},{"t":"t"},{"t":"r"},{"t":"e"},{"t":"n"},{"t":"g"},{"t":"t"},{"t":"h"},{"t":","},{"t":" "},{"t":"n"},{"t":"o"},{"t":"t"},{"t":" "},{"t":"a"},{"t":" "},{"t":"w"},{"t":"e"},{"t":"a"},{"t":"k"},{"t":"n"},{"t":"e"},{"t":"s"},{"t":"s"},{"t":"."},{"t":" "},{"t":"2"},{"t":"."},{"t":" "},{"t":" "},{"t":"D"},{"t":"o"},{"t":" "},{"t":"n"},{"t":"o"},{"t":"t"},{"t":" "},{"t":"a"},{"t":"t"},{"t":"t"},{"t":"e"},{"t":"m"},{"t":"p"},{"t":"t"},{"t":" "},{"t":"t"},{"t":"o"},{"t":" "},{"t":"f"},{"t":"a"},{"t":"b"},{"t":"r"},{"t":"i"},{"t":"c"},{"t":"a"},{"t":"t"},{"t":"e"},{"t":" "},{"t":"a"},{"t":"n"},{"t":" "},{"t":"a"},{"t":"n"},{"t":"s"},{"t":"w"},{"t":"e"},{"t":"r"},{"t":" "},{"t":"o"},{"t":"r"},{"t":" "},{"t":"g"},{"t":"u"},{"t":"e"},{"t":"s"},{"t":"s"},{"t":" "},{"t":"t"},{"t":"h"},{"t":"e"},{"t":" "},{"t":"i"},{"t":"d"},{"t":"e"},{"t":"n"},{"t":"t"},{"t":"i"},{"t":"t"},{"t":"y"},{"t":" "},{"t":"o"},{"t":"f"},{"t":" "},{"t":"a"},{"t":" "},{"t":"s"},{"t":"o"},{"t":"u"},{"t":"r"},{"t":"c"},{"t":"e"},{"t":" "},{"t":"o"},{"t":"r"},{"t":" "},{"t":"a"},{"t":"r"},{"t":"t"},{"t":"i"},{"t":"f"},{"t":"a"},{"t":"c"},{"t":"t"},{"t":"."}],"ds":{"it":1}},"83fd8537-a81d-4e43-82ea-78d6c5066c1e":{"t":"p","k":"83fd8537-a81d-4e43-82ea-78d6c5066c1e","v":"text","tA":"left","c":[{"t":"B"},{"t":"."},{"t":" "},{"t":"T","m":{"#":[1]}},{"t":"h","m":{"#":[1]}},{"t":"e","m":{"#":[1]}},{"t":" ","m":{"#":[1]}},{"t":"P","m":{"#":[1]}},{"t":"o","m":{"#":[1]}},{"t":"l","m":{"#":[1]}},{"t":"i","m":{"#":[1]}},{"t":"t","m":{"#":[1]}},{"t":"e","m":{"#":[1]}},{"t":" ","m":{"#":[1]}},{"t":"B","m":{"#":[1]}},{"t":"r","m":{"#":[1]}},{"t":"i","m":{"#":[1]}},{"t":"d","m":{"#":[1]}},{"t":"g","m":{"#":[1]}},{"t":"e","m":{"#":[1]}},{"t":" ","m":{"#":[1]}},{"t":"P","m":{"#":[1]}},{"t":"h","m":{"#":[1]}},{"t":"r","m":{"#":[1]}},{"t":"a","m":{"#":[1]}},{"t":"s","m":{"#":[1]}},{"t":"e","m":{"#":[1]}},{"t":" "}],"ds":{"it":1}},"2dd8e928-6caf-4fba-91da-a922b3ffba8e":{"t":"p","k":"2dd8e928-6caf-4fba-91da-a922b3ffba8e","v":"text","tA":"left","c":[{"t":"C"},{"t":"."},{"t":" "},{"t":"R","m":{"#":[1]}},{"t":"e","m":{"#":[1]}},{"t":"s","m":{"#":[1]}},{"t":"o","m":{"#":[1]}},{"t":"l","m":{"#":[1]}},{"t":"u","m":{"#":[1]}},{"t":"t","m":{"#":[1]}},{"t":"i","m":{"#":[1]}},{"t":"o","m":{"#":[1]}},{"t":"n","m":{"#":[1]}},{"t":" ","m":{"#":[1]}},{"t":"a","m":{"#":[1]}},{"t":"n","m":{"#":[1]}},{"t":"d","m":{"#":[1]}},{"t":" ","m":{"#":[1]}},{"t":"F","m":{"#":[1]}},{"t":"o","m":{"#":[1]}},{"t":"l","m":{"#":[1]}},{"t":"l","m":{"#":[1]}},{"t":"o","m":{"#":[1]}},{"t":"w","m":{"#":[1]}},{"t":"-","m":{"#":[1]}},{"t":"U","m":{"#":[1]}},{"t":"p","m":{"#":[1]}},{"t":" "}],"ds":{"it":1}},"2ae2576d-14b1-40fb-86a8-6130ad44aeee":{"t":"p","k":"2ae2576d-14b1-40fb-86a8-6130ad44aeee","v":"text","tA":"left","c":[{"t":"I","m":{"#":[1]}},{"t":".","m":{"#":[1]}},{"t":" ","m":{"#":[1]}},{"t":"T","m":{"#":[1]}},{"t":"h","m":{"#":[1]}},{"t":"e","m":{"#":[1]}},{"t":" ","m":{"#":[1]}},{"t":"I","m":{"#":[1]}},{"t":"n","m":{"#":[1]}},{"t":"i","m":{"#":[1]}},{"t":"t","m":{"#":[1]}},{"t":"i","m":{"#":[1]}},{"t":"a","m":{"#":[1]}},{"t":"l","m":{"#":[1]}},{"t":" ","m":{"#":[1]}},{"t":"A","m":{"#":[1]}},{"t":"p","m":{"#":[1]}},{"t":"p","m":{"#":[1]}},{"t":"r","m":{"#":[1]}},{"t":"o","m":{"#":[1]}},{"t":"a","m":{"#":[1]}},{"t":"c","m":{"#":[1]}},{"t":"h","m":{"#":[1]}},{"t":" ","m":{"#":[1]}},{"t":"a","m":{"#":[1]}},{"t":"n","m":{"#":[1]}},{"t":"d","m":{"#":[1]}},{"t":" ","m":{"#":[1]}},{"t":"G","m":{"#":[1]}},{"t":"r","m":{"#":[1]}},{"t":"e","m":{"#":[1]}},{"t":"e","m":{"#":[1]}},{"t":"t","m":{"#":[1]}},{"t":"i","m":{"#":[1]}},{"t":"n","m":{"#":[1]}},{"t":"g","m":{"#":[1]}},{"t":" ","m":{"#":[1]}},{"t":"(","m":{"#":[1]}},{"t":"F","m":{"#":[1]}},{"t":"i","m":{"#":[1]}},{"t":"r","m":{"#":[1]}},{"t":"s","m":{"#":[1]}},{"t":"t","m":{"#":[1]}},{"t":" ","m":{"#":[1]}},{"t":"I","m":{"#":[1]}},{"t":"m","m":{"#":[1]}},{"t":"p","m":{"#":[1]}},{"t":"r","m":{"#":[1]}},{"t":"e","m":{"#":[1]}},{"t":"s","m":{"#":[1]}},{"t":"s","m":{"#":[1]}},{"t":"i","m":{"#":[1]}},{"t":"o","m":{"#":[1]}},{"t":"n","m":{"#":[1]}},{"t":"s","m":{"#":[1]}},{"t":")","m":{"#":[1]}}]},"08c2db16-b399-419d-bb6b-1dad3ec19f73":{"t":"li","k":"08c2db16-b399-419d-bb6b-1dad3ec19f73","c":[{"t":" "},{"t":" "},{"t":"M"},{"t":"a"},{"t":"i"},{"t":"n"},{"t":"t"},{"t":"a"},{"t":"i"},{"t":"n"},{"t":" "},{"t":"a"},{"t":"n"},{"t":" "},{"t":"o"},{"t":"p"},{"t":"e"},{"t":"n"},{"t":","},{"t":" "},{"t":"n"},{"t":"o"},{"t":"n"},{"t":"-"},{"t":"o"},{"t":"b"},{"t":"s"},{"t":"t"},{"t":"r"},{"t":"u"},{"t":"c"},{"t":"t"},{"t":"e"},{"t":"d"},{"t":" "},{"t":"p"},{"t":"o"},{"t":"s"},{"t":"t"},{"t":"u"},{"t":"r"},{"t":"e"},{"t":" "},{"t":"("},{"t":"n"},{"t":"o"},{"t":" "},{"t":"c"},{"t":"r"},{"t":"o"},{"t":"s"},{"t":"s"},{"t":"e"},{"t":"d"},{"t":" "},{"t":"a"},{"t":"r"},{"t":"m"},{"t":"s"},{"t":")"}],"lVT":"default","ds":{"it":2},"lT":"ul"},"24e931d0-28bc-4144-bd2c-f2fc021469e9":{"t":"li","k":"24e931d0-28bc-4144-bd2c-f2fc021469e9","c":[{"t":" "},{"t":" "},{"t":"S"},{"t":"t"},{"t":"a"},{"t":"n"},{"t":"d"},{"t":" "},{"t":"i"},{"t":"n"},{"t":" "},{"t":"a"},{"t":" "},{"t":"v"},{"t":"i"},{"t":"s"},{"t":"i"},{"t":"b"},{"t":"l"},{"t":"e"},{"t":" "},{"t":"l"},{"t":"o"},{"t":"c"},{"t":"a"},{"t":"t"},{"t":"i"},{"t":"o"},{"t":"n"},{"t":" "},{"t":"w"},{"t":"h"},{"t":"e"},{"t":"r"},{"t":"e"},{"t":" "},{"t":"v"},{"t":"i"},{"t":"s"},{"t":"i"},{"t":"t"},{"t":"o"},{"t":"r"},{"t":"s"},{"t":" "},{"t":"n"},{"t":"a"},{"t":"t"},{"t":"u"},{"t":"r"},{"t":"a"},{"t":"l"},{"t":"l"},{"t":"y"},{"t":" "},{"t":"l"},{"t":"o"},{"t":"o"},{"t":"k"},{"t":" "},{"t":"u"},{"t":"p"},{"t":"o"},{"t":"n"},{"t":" "},{"t":"e"},{"t":"n"},{"t":"t"},{"t":"r"},{"t":"y"},{"t":"."},{"t":" "}],"lVT":"default","ds":{"it":2},"lT":"ul"},"cfd34867-fadb-4982-9925-c90a3e2bb8b9":{"t":"li","k":"cfd34867-fadb-4982-9925-c90a3e2bb8b9","c":[{"t":"."},{"t":" "},{"t":" "},{"t":"M"},{"t":"o"},{"t":"n"},{"t":"i"},{"t":"t"},{"t":"o"},{"t":"r"},{"t":" "},{"t":"t"},{"t":"h"},{"t":"e"},{"t":" "},{"t":"f"},{"t":"l"},{"t":"o"},{"t":"w"},{"t":" "},{"t":"o"},{"t":"f"},{"t":" "},{"t":"f"},{"t":"o"},{"t":"o"},{"t":"t"},{"t":" "},{"t":"t"},{"t":"r"},{"t":"a"},{"t":"f"},{"t":"f"},{"t":"i"},{"t":"c"},{"t":" "},{"t":"w"},{"t":"i"},{"t":"t"},{"t":"h"},{"t":"o"},{"t":"u"},{"t":"t"},{"t":" "},{"t":"s"},{"t":"t"},{"t":"a"},{"t":"r"},{"t":"i"},{"t":"n"},{"t":"g"},{"t":" "},{"t":"o"},{"t":"r"},{"t":" "},{"t":"h"},{"t":"o"},{"t":"v"},{"t":"e"},{"t":"r"},{"t":"i"},{"t":"n"},{"t":"g"},{"t":"."}],"lVT":"default","ds":{"it":2},"lT":"ul"},"0c13705d-1180-4183-b168-b8358038e72f":{"t":"p","k":"0c13705d-1180-4183-b168-b8358038e72f","v":"text","tA":"left","c":[{"t":"1"},{"t":"."},{"t":" "},{"t":" "},{"t":"A","m":{"#":[1]}},{"t":"c","m":{"#":[1]}},{"t":"k","m":{"#":[1]}},{"t":"n","m":{"#":[1]}},{"t":"o","m":{"#":[1]}},{"t":"w","m":{"#":[1]}},{"t":"l","m":{"#":[1]}},{"t":"e","m":{"#":[1]}},{"t":"d","m":{"#":[1]}},{"t":"g","m":{"#":[1]}},{"t":"e","m":{"#":[1]}},{"t":":","m":{"#":[1]}},{"t":" "},{"t":"M"},{"t":"a"},{"t":"k"},{"t":"e"},{"t":" "},{"t":"e"},{"t":"y"},{"t":"e"},{"t":" "},{"t":"c"},{"t":"o"},{"t":"n"},{"t":"t"},{"t":"a"},{"t":"c"},{"t":"t"},{"t":" "},{"t":"a"},{"t":"n"},{"t":"d"},{"t":" "},{"t":"o"},{"t":"f"},{"t":"f"},{"t":"e"},{"t":"r"},{"t":" "},{"t":"a"},{"t":" "},{"t":"g"},{"t":"e"},{"t":"n"},{"t":"u"},{"t":"i"},{"t":"n"},{"t":"e"},{"t":" "},{"t":"s"},{"t":"m"},{"t":"i"},{"t":"l"},{"t":"e"},{"t":"."},{"t":" "}],"ds":{"it":2}},"80ceb196-7928-49ce-afd2-a43ab1ea8059":{"t":"p","k":"80ceb196-7928-49ce-afd2-a43ab1ea8059","v":"text","tA":"left","c":[{"t":"2"},{"t":"."},{"t":" "},{"t":" "},{"t":"V","m":{"#":[1]}},{"t":"e","m":{"#":[1]}},{"t":"r","m":{"#":[1]}},{"t":"b","m":{"#":[1]}},{"t":"a","m":{"#":[1]}},{"t":"l","m":{"#":[1]}},{"t":" ","m":{"#":[1]}},{"t":"W","m":{"#":[1]}},{"t":"e","m":{"#":[1]}},{"t":"l","m":{"#":[1]}},{"t":"c","m":{"#":[1]}},{"t":"o","m":{"#":[1]}},{"t":"m","m":{"#":[1]}},{"t":"e","m":{"#":[1]}},{"t":":","m":{"#":[1]}},{"t":" "},{"t":"U"},{"t":"s"},{"t":"e"},{"t":" "},{"t":"a"},{"t":" "},{"t":"w"},{"t":"a"},{"t":"r"},{"t":"m"},{"t":","},{"t":" "},{"t":"p"},{"t":"r"},{"t":"o"},{"t":"f"},{"t":"e"},{"t":"s"},{"t":"s"},{"t":"i"},{"t":"o"},{"t":"n"},{"t":"a"},{"t":"l"},{"t":" "},{"t":"p"},{"t":"h"},{"t":"r"},{"t":"a"},{"t":"s"},{"t":"e"},{"t":" "},{"t":"("},{"t":"e"},{"t":"."},{"t":"g"},{"t":"."},{"t":","},{"t":" "},{"t":"\""},{"t":"W"},{"t":"e"},{"t":"l"},{"t":"c"},{"t":"o"},{"t":"m"},{"t":"e"},{"t":" "},{"t":"t"},{"t":"o"},{"t":" "},{"t":"t"},{"t":"h"},{"t":"e"},{"t":" "},{"t":"H"},{"t":"i"},{"t":"s"},{"t":"t"},{"t":"o"},{"t":"r"},{"t":"i"},{"t":"c"},{"t":"a"},{"t":"l"},{"t":" "},{"t":"S"},{"t":"o"},{"t":"c"},{"t":"i"},{"t":"e"},{"t":"t"},{"t":"y"},{"t":"!"},{"t":"\""},{"t":")"},{"t":"."},{"t":" "}],"ds":{"it":2}},"734a67cb-8022-4c01-a99d-6719e91b241c":{"t":"p","k":"734a67cb-8022-4c01-a99d-6719e91b241c","v":"text","tA":"left","c":[{"t":"3"},{"t":"."},{"t":" "},{"t":" "},{"t":"O","m":{"#":[1]}},{"t":"f","m":{"#":[1]}},{"t":"f","m":{"#":[1]}},{"t":"e","m":{"#":[1]}},{"t":"r","m":{"#":[1]}},{"t":" ","m":{"#":[1]}},{"t":"A","m":{"#":[1]}},{"t":"s","m":{"#":[1]}},{"t":"s","m":{"#":[1]}},{"t":"i","m":{"#":[1]}},{"t":"s","m":{"#":[1]}},{"t":"t","m":{"#":[1]}},{"t":"a","m":{"#":[1]}},{"t":"n","m":{"#":[1]}},{"t":"c","m":{"#":[1]}},{"t":"e","m":{"#":[1]}},{"t":":","m":{"#":[1]}},{"t":" "},{"t":"C"},{"t":"l"},{"t":"e"},{"t":"a"},{"t":"r"},{"t":"l"},{"t":"y"},{"t":" "},{"t":"s"},{"t":"t"},{"t":"a"},{"t":"t"},{"t":"e"},{"t":" "},{"t":"y"},{"t":"o"},{"t":"u"},{"t":"r"},{"t":" "},{"t":"a"},{"t":"v"},{"t":"a"},{"t":"i"},{"t":"l"},{"t":"a"},{"t":"b"},{"t":"i"},{"t":"l"},{"t":"i"},{"t":"t"},{"t":"y"},{"t":" "},{"t":"a"},{"t":"n"},{"t":"d"},{"t":" "},{"t":"t"},{"t":"r"},{"t":"a"},{"t":"n"},{"t":"s"},{"t":"i"},{"t":"t"},{"t":"i"},{"t":"o"},{"t":"n"},{"t":" "},{"t":"t"},{"t":"h"},{"t":"e"},{"t":" "},{"t":"i"},{"t":"n"},{"t":"t"},{"t":"e"},{"t":"r"},{"t":"a"},{"t":"c"},{"t":"t"},{"t":"i"},{"t":"o"},{"t":"n"},{"t":" "},{"t":"f"},{"t":"r"},{"t":"o"},{"t":"m"},{"t":" "},{"t":"g"},{"t":"r"},{"t":"e"},{"t":"e"},{"t":"t"},{"t":"i"},{"t":"n"},{"t":"g"},{"t":" "},{"t":"t"},{"t":"o"},{"t":" "},{"t":"s"},{"t":"e"},{"t":"r"},{"t":"v"},{"t":"i"},{"t":"c"},{"t":"e"},{"t":" "},{"t":"("},{"t":"e"},{"t":"."},{"t":"g"},{"t":"."},{"t":","},{"t":" "},{"t":"\""},{"t":"P"},{"t":"l"},{"t":"e"},{"t":"a"},{"t":"s"},{"t":"e"},{"t":" "},{"t":"l"},{"t":"e"},{"t":"t"},{"t":" "},{"t":"m"},{"t":"e"},{"t":" "},{"t":"k"},{"t":"n"},{"t":"o"},{"t":"w"},{"t":" "},{"t":"i"},{"t":"f"},{"t":" "},{"t":"y"},{"t":"o"},{"t":"u"},{"t":" "},{"t":"h"},{"t":"a"},{"t":"v"},{"t":"e"},{"t":" "},{"t":"a"},{"t":"n"},{"t":"y"},{"t":" "},{"t":"q"},{"t":"u"},{"t":"e"},{"t":"s"},{"t":"t"},{"t":"i"},{"t":"o"},{"t":"n"},{"t":"s"},{"t":","},{"t":"\""},{"t":" "},{"t":"o"},{"t":"r"},{"t":" "},{"t":"\""},{"t":"A"},{"t":"r"},{"t":"e"},{"t":" "},{"t":"y"},{"t":"o"},{"t":"u"},{"t":" "},{"t":"l"},{"t":"o"},{"t":"o"},{"t":"k"},{"t":"i"},{"t":"n"},{"t":"g"},{"t":" "},{"t":"f"},{"t":"o"},{"t":"r"},{"t":" "},{"t":"a"},{"t":"n"},{"t":"y"},{"t":"t"},{"t":"h"},{"t":"i"},{"t":"n"},{"t":"g"},{"t":" "},{"t":"s"},{"t":"p"},{"t":"e"},{"t":"c"},{"t":"i"},{"t":"f"},{"t":"i"},{"t":"c"},{"t":" "},{"t":"t"},{"t":"o"},{"t":"d"},{"t":"a"},{"t":"y"},{"t":"?"},{"t":"\""},{"t":")"},{"t":"."}],"ds":{"it":2}},"8d09f939-8c8c-4abc-bb71-1eae5568e520":{"t":"p","k":"8d09f939-8c8c-4abc-bb71-1eae5568e520","v":"text","tA":"left","c":[{"t":"1"},{"t":"."},{"t":" "},{"t":" "},{"t":"S","m":{"#":[1]}},{"t":"t","m":{"#":[1]}},{"t":"o","m":{"#":[1]}},{"t":"p","m":{"#":[1]}},{"t":",","m":{"#":[1]}},{"t":" ","m":{"#":[1]}},{"t":"L","m":{"#":[1]}},{"t":"o","m":{"#":[1]}},{"t":"o","m":{"#":[1]}},{"t":"k","m":{"#":[1]}},{"t":",","m":{"#":[1]}},{"t":" ","m":{"#":[1]}},{"t":"L","m":{"#":[1]}},{"t":"i","m":{"#":[1]}},{"t":"s","m":{"#":[1]}},{"t":"t","m":{"#":[1]}},{"t":"e","m":{"#":[1]}},{"t":"n","m":{"#":[1]}},{"t":":","m":{"#":[1]}},{"t":" "},{"t":"S"},{"t":"t"},{"t":"o"},{"t":"p"},{"t":" "},{"t":"a"},{"t":"l"},{"t":"l"},{"t":" "},{"t":"o"},{"t":"t"},{"t":"h"},{"t":"e"},{"t":"r"},{"t":" "},{"t":"t"},{"t":"a"},{"t":"s"},{"t":"k"},{"t":"s"},{"t":" "},{"t":"a"},{"t":"n"},{"t":"d"},{"t":" "},{"t":"f"},{"t":"a"},{"t":"c"},{"t":"e"},{"t":" "},{"t":"t"},{"t":"h"},{"t":"e"},{"t":" "},{"t":"v"},{"t":"i"},{"t":"s"},{"t":"i"},{"t":"t"},{"t":"o"},{"t":"r"},{"t":" "},{"t":"f"},{"t":"u"},{"t":"l"},{"t":"l"},{"t":"y"},{"t":"."},{"t":" "}]},"f06add7b-0498-4b5f-a350-3b0e93505324":{"t":"p","k":"f06add7b-0498-4b5f-a350-3b0e93505324","v":"text","tA":"left","c":[{"t":"2"},{"t":"."},{"t":" "},{"t":" "},{"t":"P","m":{"#":[1]}},{"t":"e","m":{"#":[1]}},{"t":"r","m":{"#":[1]}},{"t":"m","m":{"#":[1]}},{"t":"i","m":{"#":[1]}},{"t":"t","m":{"#":[1]}},{"t":" ","m":{"#":[1]}},{"t":"t","m":{"#":[1]}},{"t":"h","m":{"#":[1]}},{"t":"e","m":{"#":[1]}},{"t":" ","m":{"#":[1]}},{"t":"F","m":{"#":[1]}},{"t":"u","m":{"#":[1]}},{"t":"l","m":{"#":[1]}},{"t":"l","m":{"#":[1]}},{"t":" ","m":{"#":[1]}},{"t":"Q","m":{"#":[1]}},{"t":"u","m":{"#":[1]}},{"t":"e","m":{"#":[1]}},{"t":"s","m":{"#":[1]}},{"t":"t","m":{"#":[1]}},{"t":"i","m":{"#":[1]}},{"t":"o","m":{"#":[1]}},{"t":"n","m":{"#":[1]}},{"t":":","m":{"#":[1]}},{"t":" "},{"t":"A"},{"t":"l"},{"t":"l"},{"t":"o"},{"t":"w"},{"t":" "},{"t":"t"},{"t":"h"},{"t":"e"},{"t":" "},{"t":"v"},{"t":"i"},{"t":"s"},{"t":"i"},{"t":"t"},{"t":"o"},{"t":"r"},{"t":" "},{"t":"t"},{"t":"o"},{"t":" "},{"t":"f"},{"t":"i"},{"t":"n"},{"t":"i"},{"t":"s"},{"t":"h"},{"t":" "},{"t":"t"},{"t":"h"},{"t":"e"},{"t":"i"},{"t":"r"},{"t":" "},{"t":"c"},{"t":"o"},{"t":"m"},{"t":"p"},{"t":"l"},{"t":"e"},{"t":"t"},{"t":"e"},{"t":" "},{"t":"t"},{"t":"h"},{"t":"o"},{"t":"u"},{"t":"g"},{"t":"h"},{"t":"t"},{"t":" "},{"t":"w"},{"t":"i"},{"t":"t"},{"t":"h"},{"t":"o"},{"t":"u"},{"t":"t"},{"t":" "},{"t":"i"},{"t":"n"},{"t":"t"},{"t":"e"},{"t":"r"},{"t":"r"},{"t":"u"},{"t":"p"},{"t":"t"},{"t":"i"},{"t":"o"},{"t":"n"},{"t":" "},{"t":"("},{"t":"e"},{"t":"v"},{"t":"e"},{"t":"n"},{"t":" "},{"t":"i"},{"t":"f"},{"t":" "},{"t":"y"},{"t":"o"},{"t":"u"},{"t":" "},{"t":"t"},{"t":"h"},{"t":"i"},{"t":"n"},{"t":"k"},{"t":" "},{"t":"y"},{"t":"o"},{"t":"u"},{"t":" "},{"t":"k"},{"t":"n"},{"t":"o"},{"t":"w"},{"t":" "},{"t":"t"},{"t":"h"},{"t":"e"},{"t":" "},{"t":"a"},{"t":"n"},{"t":"s"},{"t":"w"},{"t":"e"},{"t":"r"},{"t":")"},{"t":"."},{"t":" "}]},"ada8006e-3ec6-4fd6-9d16-d38ae524f098":{"t":"p","k":"ada8006e-3ec6-4fd6-9d16-d38ae524f098","v":"text","tA":"left","c":[{"t":"3"},{"t":"."},{"t":" "},{"t":" "},{"t":"P","m":{"#":[1]}},{"t":"a","m":{"#":[1]}},{"t":"r","m":{"#":[1]}},{"t":"a","m":{"#":[1]}},{"t":"p","m":{"#":[1]}},{"t":"h","m":{"#":[1]}},{"t":"r","m":{"#":[1]}},{"t":"a","m":{"#":[1]}},{"t":"s","m":{"#":[1]}},{"t":"e","m":{"#":[1]}},{"t":" ","m":{"#":[1]}},{"t":"a","m":{"#":[1]}},{"t":"n","m":{"#":[1]}},{"t":"d","m":{"#":[1]}},{"t":" ","m":{"#":[1]}},{"t":"V","m":{"#":[1]}},{"t":"a","m":{"#":[1]}},{"t":"l","m":{"#":[1]}},{"t":"i","m":{"#":[1]}},{"t":"d","m":{"#":[1]}},{"t":"a","m":{"#":[1]}},{"t":"t","m":{"#":[1]}},{"t":"e","m":{"#":[1]}},{"t":":","m":{"#":[1]}},{"t":" "},{"t":"B"},{"t":"r"},{"t":"i"},{"t":"e"},{"t":"f"},{"t":"l"},{"t":"y"},{"t":" "},{"t":"r"},{"t":"e"},{"t":"p"},{"t":"e"},{"t":"a"},{"t":"t"},{"t":" "},{"t":"t"},{"t":"h"},{"t":"e"},{"t":" "},{"t":"c"},{"t":"o"},{"t":"r"},{"t":"e"},{"t":" "},{"t":"o"},{"t":"f"},{"t":" "},{"t":"t"},{"t":"h"},{"t":"e"},{"t":" "},{"t":"q"},{"t":"u"},{"t":"e"},{"t":"s"},{"t":"t"},{"t":"i"},{"t":"o"},{"t":"n"},{"t":" "},{"t":"b"},{"t":"a"},{"t":"c"},{"t":"k"},{"t":" "},{"t":"t"},{"t":"o"},{"t":" "},{"t":"t"},{"t":"h"},{"t":"e"},{"t":" "},{"t":"v"},{"t":"i"},{"t":"s"},{"t":"i"},{"t":"t"},{"t":"o"},{"t":"r"},{"t":" "},{"t":"t"},{"t":"o"},{"t":" "},{"t":"c"},{"t":"o"},{"t":"n"},{"t":"f"},{"t":"i"},{"t":"r"},{"t":"m"},{"t":" "},{"t":"u"},{"t":"n"},{"t":"d"},{"t":"e"},{"t":"r"},{"t":"s"},{"t":"t"},{"t":"a"},{"t":"n"},{"t":"d"},{"t":"i"},{"t":"n"},{"t":"g"},{"t":" "},{"t":"("},{"t":"e"},{"t":"."},{"t":"g"},{"t":"."},{"t":","},{"t":" "},{"t":"\""},{"t":"S"},{"t":"o"},{"t":" "},{"t":"y"},{"t":"o"},{"t":"u"},{"t":"'"},{"t":"r"},{"t":"e"},{"t":" "},{"t":"l"},{"t":"o"},{"t":"o"},{"t":"k"},{"t":"i"},{"t":"n"},{"t":"g"},{"t":" "},{"t":"f"},{"t":"o"},{"t":"r"},{"t":" "},{"t":"i"},{"t":"n"},{"t":"f"},{"t":"o"},{"t":"r"},{"t":"m"},{"t":"a"},{"t":"t"},{"t":"i"},{"t":"o"},{"t":"n"},{"t":" "},{"t":"o"},{"t":"n"},{"t":" "},{"t":"t"},{"t":"h"},{"t":"e"},{"t":" "},{"t":"o"},{"t":"l"},{"t":"d"},{"t":" "},{"t":"c"},{"t":"a"},{"t":"n"},{"t":"n"},{"t":"e"},{"t":"r"},{"t":"y"},{"t":" "},{"t":"o"},{"t":"n"},{"t":" "},{"t":"G"},{"t":"r"},{"t":"a"},{"t":"n"},{"t":"d"},{"t":" "},{"t":"A"},{"t":"v"},{"t":"e"},{"t":"n"},{"t":"u"},{"t":"e"},{"t":"?"},{"t":"\""},{"t":")"},{"t":"."}]},"2b578427-1372-4ebd-8e0e-4984d15a4257":{"t":"p","k":"2b578427-1372-4ebd-8e0e-4984d15a4257","v":"text","tA":"left","c":[{"t":"D","m":{"#":[1]}},{"t":"e","m":{"#":[1]}},{"t":"l","m":{"#":[1]}},{"t":"i","m":{"#":[1]}},{"t":"v","m":{"#":[1]}},{"t":"e","m":{"#":[1]}},{"t":"r","m":{"#":[1]}},{"t":"i","m":{"#":[1]}},{"t":"n","m":{"#":[1]}},{"t":"g","m":{"#":[1]}},{"t":" ","m":{"#":[1]}},{"t":"t","m":{"#":[1]}},{"t":"h","m":{"#":[1]}},{"t":"e","m":{"#":[1]}},{"t":" ","m":{"#":[1]}},{"t":"A","m":{"#":[1]}},{"t":"n","m":{"#":[1]}},{"t":"s","m":{"#":[1]}},{"t":"w","m":{"#":[1]}},{"t":"e","m":{"#":[1]}},{"t":"r","m":{"#":[1]}},{"t":" "}]},"3e35da58-8392-4433-93c2-2c19e2d251f4":{"t":"p","k":"3e35da58-8392-4433-93c2-2c19e2d251f4","v":"text","tA":"left","c":[{"t":"1"},{"t":"."},{"t":" "},{"t":" "},{"t":"M","m":{"#":[1]}},{"t":"a","m":{"#":[1]}},{"t":"i","m":{"#":[1]}},{"t":"n","m":{"#":[1]}},{"t":"t","m":{"#":[1]}},{"t":"a","m":{"#":[1]}},{"t":"i","m":{"#":[1]}},{"t":"n","m":{"#":[1]}},{"t":" ","m":{"#":[1]}},{"t":"C","m":{"#":[1]}},{"t":"l","m":{"#":[1]}},{"t":"a","m":{"#":[1]}},{"t":"r","m":{"#":[1]}},{"t":"i","m":{"#":[1]}},{"t":"t","m":{"#":[1]}},{"t":"y","m":{"#":[1]}},{"t":":","m":{"#":[1]}},{"t":" "},{"t":"U"},{"t":"s"},{"t":"e"},{"t":" "},{"t":"n"},{"t":"o"},{"t":"n"},{"t":"-"},{"t":"j"},{"t":"a"},{"t":"r"},{"t":"g"},{"t":"o"},{"t":"n"},{"t":" "},{"t":"l"},{"t":"a"},{"t":"n"},{"t":"g"},{"t":"u"},{"t":"a"},{"t":"g"},{"t":"e"},{"t":","},{"t":" "},{"t":"k"},{"t":"e"},{"t":"e"},{"t":"p"},{"t":"i"},{"t":"n"},{"t":"g"},{"t":" "},{"t":"e"},{"t":"x"},{"t":"p"},{"t":"l"},{"t":"a"},{"t":"n"},{"t":"a"},{"t":"t"},{"t":"i"},{"t":"o"},{"t":"n"},{"t":"s"},{"t":" "},{"t":"c"},{"t":"o"},{"t":"n"},{"t":"c"},{"t":"i"},{"t":"s"},{"t":"e"},{"t":" "},{"t":"("},{"t":"t"},{"t":"h"},{"t":"e"},{"t":" "},{"t":"\""},{"t":"2"},{"t":"-"},{"t":"S"},{"t":"e"},{"t":"n"},{"t":"t"},{"t":"e"},{"t":"n"},{"t":"c"},{"t":"e"},{"t":" "},{"t":"R"},{"t":"u"},{"t":"l"},{"t":"e"},{"t":"\""},{"t":")"},{"t":"."},{"t":" "}]},"8e771ca5-c5dd-405a-ba35-dc1a50c7b8b1":{"t":"p","k":"8e771ca5-c5dd-405a-ba35-dc1a50c7b8b1","v":"text","tA":"left","c":[{"t":"2"},{"t":"."},{"t":" "},{"t":" "},{"t":"L","m":{"#":[1]}},{"t":"o","m":{"#":[1]}},{"t":"c","m":{"#":[1]}},{"t":"a","m":{"#":[1]}},{"t":"l","m":{"#":[1]}},{"t":" ","m":{"#":[1]}},{"t":"C","m":{"#":[1]}},{"t":"o","m":{"#":[1]}},{"t":"n","m":{"#":[1]}},{"t":"n","m":{"#":[1]}},{"t":"e","m":{"#":[1]}},{"t":"c","m":{"#":[1]}},{"t":"t","m":{"#":[1]}},{"t":"i","m":{"#":[1]}},{"t":"o","m":{"#":[1]}},{"t":"n","m":{"#":[1]}},{"t":":","m":{"#":[1]}},{"t":" "},{"t":"A"},{"t":"l"},{"t":"w"},{"t":"a"},{"t":"y"},{"t":"s"},{"t":" "},{"t":"r"},{"t":"e"},{"t":"l"},{"t":"a"},{"t":"t"},{"t":"e"},{"t":" "},{"t":"b"},{"t":"r"},{"t":"o"},{"t":"a"},{"t":"d"},{"t":" "},{"t":"h"},{"t":"i"},{"t":"s"},{"t":"t"},{"t":"o"},{"t":"r"},{"t":"i"},{"t":"c"},{"t":"a"},{"t":"l"},{"t":" "},{"t":"t"},{"t":"h"},{"t":"e"},{"t":"m"},{"t":"e"},{"t":"s"},{"t":" "},{"t":"("},{"t":"l"},{"t":"i"},{"t":"k"},{"t":"e"},{"t":" "},{"t":"t"},{"t":"h"},{"t":"e"},{"t":" "},{"t":"G"},{"t":"o"},{"t":"l"},{"t":"d"},{"t":" "},{"t":"R"},{"t":"u"},{"t":"s"},{"t":"h"},{"t":" "},{"t":"o"},{"t":"r"},{"t":" "},{"t":"i"},{"t":"n"},{"t":"d"},{"t":"u"},{"t":"s"},{"t":"t"},{"t":"r"},{"t":"i"},{"t":"a"},{"t":"l"},{"t":"i"},{"t":"z"},{"t":"a"},{"t":"t"},{"t":"i"},{"t":"o"},{"t":"n"},{"t":")"},{"t":" "},{"t":"b"},{"t":"a"},{"t":"c"},{"t":"k"},{"t":" "},{"t":"t"},{"t":"o"},{"t":" "},{"t":"S"},{"t":"o"},{"t":"u"},{"t":"t"},{"t":"h"},{"t":" "},{"t":"S"},{"t":"a"},{"t":"n"},{"t":" "},{"t":"F"},{"t":"r"},{"t":"a"},{"t":"n"},{"t":"c"},{"t":"i"},{"t":"s"},{"t":"c"},{"t":"o"},{"t":" "},{"t":"a"},{"t":"n"},{"t":"d"},{"t":" "},{"t":"i"},{"t":"t"},{"t":"s"},{"t":" "},{"t":"l"},{"t":"a"},{"t":"n"},{"t":"d"},{"t":"m"},{"t":"a"},{"t":"r"},{"t":"k"},{"t":"s"},{"t":" "},{"t":"("},{"t":"M"},{"t":"u"},{"t":"s"},{"t":"e"},{"t":"u"},{"t":"m"},{"t":","},{"t":" "},{"t":"P"},{"t":"l"},{"t":"y"},{"t":"m"},{"t":"i"},{"t":"r"},{"t":"e"},{"t":"-"},{"t":"S"},{"t":"c"},{"t":"h"},{"t":"w"},{"t":"a"},{"t":"r"},{"t":"z"},{"t":" "},{"t":"H"},{"t":"o"},{"t":"u"},{"t":"s"},{"t":"e"},{"t":","},{"t":" "},{"t":"e"},{"t":"t"},{"t":"c"},{"t":"."},{"t":")"},{"t":"."},{"t":" "}]},"204d1b6c-a65f-4858-ae44-01e71c1515e3":{"t":"p","k":"204d1b6c-a65f-4858-ae44-01e71c1515e3","v":"text","tA":"left","c":[{"t":"3"},{"t":"."},{"t":" "},{"t":" "},{"t":"M","m":{"#":[1]}},{"t":"a","m":{"#":[1]}},{"t":"i","m":{"#":[1]}},{"t":"n","m":{"#":[1]}},{"t":"t","m":{"#":[1]}},{"t":"a","m":{"#":[1]}},{"t":"i","m":{"#":[1]}},{"t":"n","m":{"#":[1]}},{"t":" ","m":{"#":[1]}},{"t":"N","m":{"#":[1]}},{"t":"e","m":{"#":[1]}},{"t":"u","m":{"#":[1]}},{"t":"t","m":{"#":[1]}},{"t":"r","m":{"#":[1]}},{"t":"a","m":{"#":[1]}},{"t":"l","m":{"#":[1]}},{"t":"i","m":{"#":[1]}},{"t":"t","m":{"#":[1]}},{"t":"y","m":{"#":[1]}},{"t":":","m":{"#":[1]}},{"t":" "},{"t":"P"},{"t":"r"},{"t":"e"},{"t":"s"},{"t":"e"},{"t":"n"},{"t":"t"},{"t":" "},{"t":"h"},{"t":"i"},{"t":"s"},{"t":"t"},{"t":"o"},{"t":"r"},{"t":"i"},{"t":"c"},{"t":"a"},{"t":"l"},{"t":" "},{"t":"f"},{"t":"a"},{"t":"c"},{"t":"t"},{"t":"s"},{"t":" "},{"t":"o"},{"t":"b"},{"t":"j"},{"t":"e"},{"t":"c"},{"t":"t"},{"t":"i"},{"t":"v"},{"t":"e"},{"t":"l"},{"t":"y"},{"t":" "},{"t":"a"},{"t":"n"},{"t":"d"},{"t":" "},{"t":"a"},{"t":"v"},{"t":"o"},{"t":"i"},{"t":"d"},{"t":" "},{"t":"o"},{"t":"f"},{"t":"f"},{"t":"e"},{"t":"r"},{"t":"i"},{"t":"n"},{"t":"g"},{"t":" "},{"t":"p"},{"t":"e"},{"t":"r"},{"t":"s"},{"t":"o"},{"t":"n"},{"t":"a"},{"t":"l"},{"t":" "},{"t":"o"},{"t":"p"},{"t":"i"},{"t":"n"},{"t":"i"},{"t":"o"},{"t":"n"},{"t":"s"},{"t":" "},{"t":"o"},{"t":"r"},{"t":" "},{"t":"i"},{"t":"n"},{"t":"t"},{"t":"e"},{"t":"r"},{"t":"p"},{"t":"r"},{"t":"e"},{"t":"t"},{"t":"a"},{"t":"t"},{"t":"i"},{"t":"o"},{"t":"n"},{"t":"s"},{"t":" "},{"t":"o"},{"t":"n"},{"t":" "},{"t":"s"},{"t":"e"},{"t":"n"},{"t":"s"},{"t":"i"},{"t":"t"},{"t":"i"},{"t":"v"},{"t":"e"},{"t":" "},{"t":"o"},{"t":"r"},{"t":" "},{"t":"c"},{"t":"o"},{"t":"n"},{"t":"t"},{"t":"r"},{"t":"o"},{"t":"v"},{"t":"e"},{"t":"r"},{"t":"s"},{"t":"i"},{"t":"a"},{"t":"l"},{"t":" "},{"t":"t"},{"t":"o"},{"t":"p"},{"t":"i"},{"t":"c"},{"t":"s"},{"t":"."}]},"b1ea6207-82e5-4070-8a08-1706d4b6a401":{"t":"li","k":"b1ea6207-82e5-4070-8a08-1706d4b6a401","c":[{"t":" "},{"t":"R","m":{"#":[1]}},{"t":"e","m":{"#":[1]}},{"t":"s","m":{"#":[1]}},{"t":"o","m":{"#":[1]}},{"t":"u","m":{"#":[1]}},{"t":"r","m":{"#":[1]}},{"t":"c","m":{"#":[1]}},{"t":"e","m":{"#":[1]}},{"t":" ","m":{"#":[1]}},{"t":"C","m":{"#":[1]}},{"t":"h","m":{"#":[1]}},{"t":"e","m":{"#":[1]}},{"t":"c","m":{"#":[1]}},{"t":"k","m":{"#":[1]}},{"t":":","m":{"#":[1]}},{"t":" "},{"t":"D"},{"t":"i"},{"t":"r"},{"t":"e"},{"t":"c"},{"t":"t"},{"t":" "},{"t":"t"},{"t":"h"},{"t":"e"},{"t":" "},{"t":"v"},{"t":"i"},{"t":"s"},{"t":"i"},{"t":"t"},{"t":"o"},{"t":"r"},{"t":" "},{"t":"t"},{"t":"o"},{"t":" "},{"t":"t"},{"t":"h"},{"t":"e"},{"t":" "},{"t":"e"},{"t":"s"},{"t":"t"},{"t":"a"},{"t":"b"},{"t":"l"},{"t":"i"},{"t":"s"},{"t":"h"},{"t":"e"},{"t":"d"},{"t":" "},{"t":"i"},{"t":"n"},{"t":"t"},{"t":"e"},{"t":"r"},{"t":"n"},{"t":"a"},{"t":"l"},{"t":" "},{"t":"r"},{"t":"e"},{"t":"s"},{"t":"o"},{"t":"u"},{"t":"r"},{"t":"c"},{"t":"e"},{"t":" "},{"t":"("},{"t":"e"},{"t":"."},{"t":"g"},{"t":"."},{"t":","},{"t":" "},{"t":"t"},{"t":"h"},{"t":"e"},{"t":" "},{"t":"r"},{"t":"e"},{"t":"s"},{"t":"e"},{"t":"a"},{"t":"r"},{"t":"c"},{"t":"h"},{"t":" "},{"t":"d"},{"t":"a"},{"t":"t"},{"t":"a"},{"t":"b"},{"t":"a"},{"t":"s"},{"t":"e"},{"t":","},{"t":" "},{"t":"a"},{"t":" "},{"t":"p"},{"t":"h"},{"t":"y"},{"t":"s"},{"t":"i"},{"t":"c"},{"t":"a"},{"t":"l"},{"t":" "},{"t":"a"},{"t":"r"},{"t":"c"},{"t":"h"},{"t":"i"},{"t":"v"},{"t":"e"},{"t":","},{"t":" "},{"t":"o"},{"t":"r"},{"t":" "},{"t":"a"},{"t":" "},{"t":"s"},{"t":"p"},{"t":"e"},{"t":"c"},{"t":"i"},{"t":"f"},{"t":"i"},{"t":"c"},{"t":" "},{"t":"s"},{"t":"t"},{"t":"a"},{"t":"f"},{"t":"f"},{"t":" "},{"t":"m"},{"t":"e"},{"t":"m"},{"t":"b"},{"t":"e"},{"t":"r"},{"t":")"},{"t":"."},{"t":" "}],"lVT":"default","ds":{"it":2},"lT":"ul"},"5cd99e12-3cee-4de2-b91a-9e74801ee69a":{"t":"li","k":"5cd99e12-3cee-4de2-b91a-9e74801ee69a","c":[{"t":" "},{"t":"O","m":{"#":[1]}},{"t":"f","m":{"#":[1]}},{"t":"f","m":{"#":[1]}},{"t":"e","m":{"#":[1]}},{"t":"r","m":{"#":[1]}},{"t":" ","m":{"#":[1]}},{"t":"C","m":{"#":[1]}},{"t":"o","m":{"#":[1]}},{"t":"n","m":{"#":[1]}},{"t":"t","m":{"#":[1]}},{"t":"i","m":{"#":[1]}},{"t":"n","m":{"#":[1]}},{"t":"u","m":{"#":[1]}},{"t":"a","m":{"#":[1]}},{"t":"t","m":{"#":[1]}},{"t":"i","m":{"#":[1]}},{"t":"o","m":{"#":[1]}},{"t":"n","m":{"#":[1]}},{"t":":","m":{"#":[1]}},{"t":" "},{"t":"I"},{"t":"f"},{"t":" "},{"t":"t"},{"t":"h"},{"t":"e"},{"t":" "},{"t":"v"},{"t":"i"},{"t":"s"},{"t":"i"},{"t":"t"},{"t":"o"},{"t":"r"},{"t":" "},{"t":"i"},{"t":"s"},{"t":" "},{"t":"l"},{"t":"e"},{"t":"a"},{"t":"v"},{"t":"i"},{"t":"n"},{"t":"g"},{"t":","},{"t":" "},{"t":"o"},{"t":"f"},{"t":"f"},{"t":"e"},{"t":"r"},{"t":" "},{"t":"t"},{"t":"o"},{"t":" "},{"t":"t"},{"t":"a"},{"t":"k"},{"t":"e"},{"t":" "},{"t":"t"},{"t":"h"},{"t":"e"},{"t":"i"},{"t":"r"},{"t":" "},{"t":"c"},{"t":"o"},{"t":"n"},{"t":"t"},{"t":"a"},{"t":"c"},{"t":"t"},{"t":" "},{"t":"i"},{"t":"n"},{"t":"f"},{"t":"o"},{"t":"r"},{"t":"m"},{"t":"a"},{"t":"t"},{"t":"i"},{"t":"o"},{"t":"n"},{"t":" "},{"t":"t"},{"t":"o"},{"t":" "},{"t":"f"},{"t":"o"},{"t":"l"},{"t":"l"},{"t":"o"},{"t":"w"},{"t":" "},{"t":"u"},{"t":"p"},{"t":" "},{"t":"v"},{"t":"i"},{"t":"a"},{"t":" "},{"t":"e"},{"t":"m"},{"t":"a"},{"t":"i"},{"t":"l"},{"t":" "},{"t":"o"},{"t":"n"},{"t":"c"},{"t":"e"},{"t":" "},{"t":"t"},{"t":"h"},{"t":"e"},{"t":" "},{"t":"a"},{"t":"n"},{"t":"s"},{"t":"w"},{"t":"e"},{"t":"r"},{"t":" "},{"t":"i"},{"t":"s"},{"t":" "},{"t":"r"},{"t":"e"},{"t":"s"},{"t":"e"},{"t":"a"},{"t":"r"},{"t":"c"},{"t":"h"},{"t":"e"},{"t":"d"},{"t":"."},{"t":" "}],"lVT":"default","ds":{"it":2},"lT":"ul"},"d53cb424-fa14-4558-9941-f77757359018":{"t":"li","k":"d53cb424-fa14-4558-9941-f77757359018","c":[{"t":"P","m":{"#":[1]}},{"t":"o","m":{"#":[1]}},{"t":"s","m":{"#":[1]}},{"t":"t","m":{"#":[1]}},{"t":"-","m":{"#":[1]}},{"t":"I","m":{"#":[1]}},{"t":"n","m":{"#":[1]}},{"t":"t","m":{"#":[1]}},{"t":"e","m":{"#":[1]}},{"t":"r","m":{"#":[1]}},{"t":"a","m":{"#":[1]}},{"t":"c","m":{"#":[1]}},{"t":"t","m":{"#":[1]}},{"t":"i","m":{"#":[1]}},{"t":"o","m":{"#":[1]}},{"t":"n","m":{"#":[1]}},{"t":" ","m":{"#":[1]}},{"t":"A","m":{"#":[1]}},{"t":"c","m":{"#":[1]}},{"t":"t","m":{"#":[1]}},{"t":"i","m":{"#":[1]}},{"t":"o","m":{"#":[1]}},{"t":"n","m":{"#":[1]}},{"t":":","m":{"#":[1]}},{"t":" "},{"t":"I"},{"t":"m"},{"t":"m"},{"t":"e"},{"t":"d"},{"t":"i"},{"t":"a"},{"t":"t"},{"t":"e"},{"t":"l"},{"t":"y"},{"t":" "},{"t":"l"},{"t":"o"},{"t":"g"},{"t":" "},{"t":"t"},{"t":"h"},{"t":"e"},{"t":" "},{"t":"u"},{"t":"n"},{"t":"a"},{"t":"n"},{"t":"s"},{"t":"w"},{"t":"e"},{"t":"r"},{"t":"e"},{"t":"d"},{"t":" "},{"t":"q"},{"t":"u"},{"t":"e"},{"t":"s"},{"t":"t"},{"t":"i"},{"t":"o"},{"t":"n"},{"t":" "},{"t":"w"},{"t":"i"},{"t":"t"},{"t":"h"},{"t":" "},{"t":"t"},{"t":"h"},{"t":"e"},{"t":" "},{"t":"s"},{"t":"u"},{"t":"p"},{"t":"e"},{"t":"r"},{"t":"v"},{"t":"i"},{"t":"s"},{"t":"o"},{"t":"r"},{"t":" "},{"t":"o"},{"t":"r"},{"t":" "},{"t":"l"},{"t":"e"},{"t":"a"},{"t":"d"},{"t":" "},{"t":"v"},{"t":"o"},{"t":"l"},{"t":"u"},{"t":"n"},{"t":"t"},{"t":"e"},{"t":"e"},{"t":"r"},{"t":" "},{"t":"f"},{"t":"o"},{"t":"r"},{"t":" "},{"t":"f"},{"t":"u"},{"t":"t"},{"t":"u"},{"t":"r"},{"t":"e"},{"t":" "},{"t":"r"},{"t":"e"},{"t":"s"},{"t":"e"},{"t":"a"},{"t":"r"},{"t":"c"},{"t":"h"},{"t":" "},{"t":"a"},{"t":"n"},{"t":"d"},{"t":" "},{"t":"i"},{"t":"n"},{"t":"c"},{"t":"l"},{"t":"u"},{"t":"s"},{"t":"i"},{"t":"o"},{"t":"n"},{"t":" "},{"t":"i"},{"t":"n"},{"t":" "},{"t":"t"},{"t":"r"},{"t":"a"},{"t":"i"},{"t":"n"},{"t":"i"},{"t":"n"},{"t":"g"},{"t":" "},{"t":"m"},{"t":"a"},{"t":"t"},{"t":"e"},{"t":"r"},{"t":"i"},{"t":"a"},{"t":"l"},{"t":"s"},{"t":"."}],"lVT":"default","ds":{"it":2},"lT":"ul"},"d5bf7c7b-1bd6-4795-85cc-715ee49653c0":{"t":"p","k":"d5bf7c7b-1bd6-4795-85cc-715ee49653c0","v":"text","tA":"left","c":[{"t":"E","m":{"#":[1]}},{"t":"x","m":{"#":[1]}},{"t":"a","m":{"#":[1]}},{"t":"m","m":{"#":[1]}},{"t":"p","m":{"#":[1]}},{"t":"l","m":{"#":[1]}},{"t":"e","m":{"#":[1]}},{"t":":","m":{"#":[1]}},{"t":" "},{"t":"\"","m":{"#":[2]}},{"t":"T","m":{"#":[2]}},{"t":"h","m":{"#":[2]}},{"t":"a","m":{"#":[2]}},{"t":"t","m":{"#":[2]}},{"t":"'","m":{"#":[2]}},{"t":"s","m":{"#":[2]}},{"t":" ","m":{"#":[2]}},{"t":"a","m":{"#":[2]}},{"t":" ","m":{"#":[2]}},{"t":"f","m":{"#":[2]}},{"t":"a","m":{"#":[2]}},{"t":"s","m":{"#":[2]}},{"t":"c","m":{"#":[2]}},{"t":"i","m":{"#":[2]}},{"t":"n","m":{"#":[2]}},{"t":"a","m":{"#":[2]}},{"t":"t","m":{"#":[2]}},{"t":"i","m":{"#":[2]}},{"t":"n","m":{"#":[2]}},{"t":"g","m":{"#":[2]}},{"t":" ","m":{"#":[2]}},{"t":"d","m":{"#":[2]}},{"t":"e","m":{"#":[2]}},{"t":"t","m":{"#":[2]}},{"t":"a","m":{"#":[2]}},{"t":"i","m":{"#":[2]}},{"t":"l","m":{"#":[2]}},{"t":";","m":{"#":[2]}},{"t":" ","m":{"#":[2]}},{"t":"l","m":{"#":[2]}},{"t":"e","m":{"#":[2]}},{"t":"t","m":{"#":[2]}},{"t":" ","m":{"#":[2]}},{"t":"m","m":{"#":[2]}},{"t":"e","m":{"#":[2]}},{"t":" ","m":{"#":[2]}},{"t":"c","m":{"#":[2]}},{"t":"h","m":{"#":[2]}},{"t":"e","m":{"#":[2]}},{"t":"c","m":{"#":[2]}},{"t":"k","m":{"#":[2]}},{"t":" ","m":{"#":[2]}},{"t":"o","m":{"#":[2]}},{"t":"u","m":{"#":[2]}},{"t":"r","m":{"#":[2]}},{"t":" ","m":{"#":[2]}},{"t":"a","m":{"#":[2]}},{"t":"r","m":{"#":[2]}},{"t":"c","m":{"#":[2]}},{"t":"h","m":{"#":[2]}},{"t":"i","m":{"#":[2]}},{"t":"v","m":{"#":[2]}},{"t":"e","m":{"#":[2]}},{"t":"s","m":{"#":[2]}},{"t":" ","m":{"#":[2]}},{"t":"f","m":{"#":[2]}},{"t":"o","m":{"#":[2]}},{"t":"r","m":{"#":[2]}},{"t":" ","m":{"#":[2]}},{"t":"t","m":{"#":[2]}},{"t":"h","m":{"#":[2]}},{"t":"e","m":{"#":[2]}},{"t":" ","m":{"#":[2]}},{"t":"e","m":{"#":[2]}},{"t":"x","m":{"#":[2]}},{"t":"a","m":{"#":[2]}},{"t":"c","m":{"#":[2]}},{"t":"t","m":{"#":[2]}},{"t":" ","m":{"#":[2]}},{"t":"i","m":{"#":[2]}},{"t":"n","m":{"#":[2]}},{"t":"f","m":{"#":[2]}},{"t":"o","m":{"#":[2]}},{"t":"r","m":{"#":[2]}},{"t":"m","m":{"#":[2]}},{"t":"a","m":{"#":[2]}},{"t":"t","m":{"#":[2]}},{"t":"i","m":{"#":[2]}},{"t":"o","m":{"#":[2]}},{"t":"n","m":{"#":[2]}},{"t":".","m":{"#":[2]}},{"t":"\"","m":{"#":[2]}},{"t":" ","m":{"#":[2]}}],"ds":{"it":2}},"af0b0a5b-6f5a-41a9-be3c-22b300246790":{"t":"p","k":"af0b0a5b-6f5a-41a9-be3c-22b300246790","v":"text","tA":"left","c":[{"t":"E","m":{"#":[1]}},{"t":"x","m":{"#":[1]}},{"t":"a","m":{"#":[1]}},{"t":"m","m":{"#":[1]}},{"t":"p","m":{"#":[1]}},{"t":"l","m":{"#":[1]}},{"t":"e","m":{"#":[1]}},{"t":":","m":{"#":[1]}},{"t":" ","m":{"#":[2]}},{"t":"\"","m":{"#":[2]}},{"t":"I","m":{"#":[2]}},{"t":" ","m":{"#":[2]}},{"t":"a","m":{"#":[2]}},{"t":"m","m":{"#":[2]}},{"t":" ","m":{"#":[2]}},{"t":"n","m":{"#":[2]}},{"t":"o","m":{"#":[2]}},{"t":"t","m":{"#":[2]}},{"t":" ","m":{"#":[2]}},{"t":"c","m":{"#":[2]}},{"t":"e","m":{"#":[2]}},{"t":"r","m":{"#":[2]}},{"t":"t","m":{"#":[2]}},{"t":"a","m":{"#":[2]}},{"t":"i","m":{"#":[2]}},{"t":"n","m":{"#":[2]}},{"t":",","m":{"#":[2]}},{"t":" ","m":{"#":[2]}},{"t":"b","m":{"#":[2]}},{"t":"u","m":{"#":[2]}},{"t":"t","m":{"#":[2]}},{"t":" ","m":{"#":[2]}},{"t":"I","m":{"#":[2]}},{"t":" ","m":{"#":[2]}},{"t":"k","m":{"#":[2]}},{"t":"n","m":{"#":[2]}},{"t":"o","m":{"#":[2]}},{"t":"w","m":{"#":[2]}},{"t":" ","m":{"#":[2]}},{"t":"w","m":{"#":[2]}},{"t":"h","m":{"#":[2]}},{"t":"o","m":{"#":[2]}},{"t":" ","m":{"#":[2]}},{"t":"t","m":{"#":[2]}},{"t":"o","m":{"#":[2]}},{"t":" ","m":{"#":[2]}},{"t":"a","m":{"#":[2]}},{"t":"s","m":{"#":[2]}},{"t":"k","m":{"#":[2]}},{"t":".","m":{"#":[2]}},{"t":" ","m":{"#":[2]}},{"t":"L","m":{"#":[2]}},{"t":"e","m":{"#":[2]}},{"t":"t","m":{"#":[2]}},{"t":" ","m":{"#":[2]}},{"t":"m","m":{"#":[2]}},{"t":"e","m":{"#":[2]}},{"t":" ","m":{"#":[2]}},{"t":"c","m":{"#":[2]}},{"t":"o","m":{"#":[2]}},{"t":"n","m":{"#":[2]}},{"t":"n","m":{"#":[2]}},{"t":"e","m":{"#":[2]}},{"t":"c","m":{"#":[2]}},{"t":"t","m":{"#":[2]}},{"t":" ","m":{"#":[2]}},{"t":"y","m":{"#":[2]}},{"t":"o","m":{"#":[2]}},{"t":"u","m":{"#":[2]}},{"t":" ","m":{"#":[2]}},{"t":"w","m":{"#":[2]}},{"t":"i","m":{"#":[2]}},{"t":"t","m":{"#":[2]}},{"t":"h","m":{"#":[2]}},{"t":" ","m":{"#":[2]}},{"t":"[","m":{"#":[2]}},{"t":"A","m":{"#":[2]}},{"t":"r","m":{"#":[2]}},{"t":"c","m":{"#":[2]}},{"t":"h","m":{"#":[2]}},{"t":"i","m":{"#":[2]}},{"t":"v","m":{"#":[2]}},{"t":"i","m":{"#":[2]}},{"t":"s","m":{"#":[2]}},{"t":"t","m":{"#":[2]}},{"t":"/","m":{"#":[2]}},{"t":"L","m":{"#":[2]}},{"t":"e","m":{"#":[2]}},{"t":"a","m":{"#":[2]}},{"t":"d","m":{"#":[2]}},{"t":" ","m":{"#":[2]}},{"t":"D","m":{"#":[2]}},{"t":"o","m":{"#":[2]}},{"t":"c","m":{"#":[2]}},{"t":"e","m":{"#":[2]}},{"t":"n","m":{"#":[2]}},{"t":"t","m":{"#":[2]}},{"t":"]","m":{"#":[2]}},{"t":".","m":{"#":[2]}},{"t":"\"","m":{"#":[2]}}],"ds":{"it":2}},"4ac6755a-48d0-425e-af45-20a64bca5b88":{"t":"p","k":"4ac6755a-48d0-425e-af45-20a64bca5b88","v":"text","tA":"left","c":[{"t":"H"},{"t":"e"},{"t":"r"},{"t":"e"},{"t":" "},{"t":"a"},{"t":"r"},{"t":"e"},{"t":" "},{"t":"s"},{"t":"o"},{"t":"m"},{"t":"e"},{"t":" "},{"t":"e"},{"t":"x"},{"t":"a"},{"t":"m"},{"t":"p"},{"t":"l"},{"t":"e"},{"t":"s"},{"t":" "},{"t":"o"},{"t":"f"},{"t":" "},{"t":"s"},{"t":"o"},{"t":"m"},{"t":"e"},{"t":" "},{"t":"t"},{"t":"r"},{"t":"a"},{"t":"n"},{"t":"s"},{"t":"i"},{"t":"t"},{"t":"i"},{"t":"o"},{"t":"n"},{"t":" "},{"t":"p"},{"t":"h"},{"t":"r"},{"t":"a"},{"t":"s"},{"t":"e"},{"t":"s"},{"t":" "},{"t":"t"},{"t":"h"},{"t":"a"},{"t":"t"},{"t":" "},{"t":"w"},{"t":"o"},{"t":"u"},{"t":"l"},{"t":"d"},{"t":" "},{"t":"b"},{"t":"e"},{"t":" "},{"t":"a"},{"t":"p"},{"t":"p"},{"t":"r"},{"t":"o"},{"t":"p"},{"t":"r"},{"t":"i"},{"t":"a"},{"t":"t"},{"t":"e"},{"t":" "},{"t":"t"},{"t":"o"},{"t":" "},{"t":"u"},{"t":"s"},{"t":"e"},{"t":":"},{"t":" "}],"ds":{"it":1}},"5bc46094-3dc1-4946-bed6-c1e4589f8e45":{"t":"p","k":"5bc46094-3dc1-4946-bed6-c1e4589f8e45","v":"text","tA":"left","c":[{"t":"U"},{"t":"s"},{"t":"e"},{"t":" "},{"t":"a"},{"t":" "},{"t":"p"},{"t":"r"},{"t":"o"},{"t":"f"},{"t":"e"},{"t":"s"},{"t":"s"},{"t":"i"},{"t":"o"},{"t":"n"},{"t":"a"},{"t":"l"},{"t":","},{"t":" "},{"t":" "},{"t":"p"},{"t":"h"},{"t":"r"},{"t":"a"},{"t":"s"},{"t":"e"},{"t":" "},{"t":"t"},{"t":"o"},{"t":" "},{"t":"t"},{"t":"r"},{"t":"a"},{"t":"n"},{"t":"s"},{"t":"i"},{"t":"t"},{"t":"i"},{"t":"o"},{"t":"n"},{"t":" "},{"t":"f"},{"t":"r"},{"t":"o"},{"t":"m"},{"t":" "},{"t":"\""},{"t":"I"},{"t":" "},{"t":"d"},{"t":"o"},{"t":"n"},{"t":"'"},{"t":"t"},{"t":" "},{"t":"k"},{"t":"n"},{"t":"o"},{"t":"w"},{"t":"\""},{"t":" "},{"t":"t"},{"t":"o"},{"t":" "},{"t":"\""},{"t":"I"},{"t":" "},{"t":"c"},{"t":"a"},{"t":"n"},{"t":" "},{"t":"f"},{"t":"i"},{"t":"n"},{"t":"d"},{"t":" "},{"t":"o"},{"t":"u"},{"t":"t"},{"t":"."},{"t":"\""},{"t":" "}],"ds":{"it":1}},"d84f583b-0a94-45e0-9bfb-2bc0d0f670dd":{"t":"p","k":"d84f583b-0a94-45e0-9bfb-2bc0d0f670dd","v":"text","tA":"left","c":[]},"34dc5197-af43-446d-b8eb-75fb9984f199":{"k":"34dc5197-af43-446d-b8eb-75fb9984f199","lqI":"650ca973-ad37-11f0-938a-c22de71f7873","t":"Q","dt":{"i":null,"q":{"o":["4c1e6fd9-c77a-49d2-bfe7-6f48c4331ff7","b95b8427-cc32-4da4-b9e1-7633010a2ace"],"B":{"4c1e6fd9-c77a-49d2-bfe7-6f48c4331ff7":{"i":"4c1e6fd9-c77a-49d2-bfe7-6f48c4331ff7","d":{"b":{"o":["efca6238-9211-427c-84bb-45c4cb160b9f"],"B":{"efca6238-9211-427c-84bb-45c4cb160b9f":{"t":"p","k":"efca6238-9211-427c-84bb-45c4cb160b9f","v":"text","tA":"left","c":[{"t":"A"},{"t":" "},{"t":"v"},{"t":"i"},{"t":"s"},{"t":"i"},{"t":"t"},{"t":"o"},{"t":"r"},{"t":" "},{"t":"w"},{"t":"a"},{"t":"l"},{"t":"k"},{"t":"s"},{"t":" "},{"t":"i"},{"t":"n"},{"t":"t"},{"t":"o"},{"t":" "},{"t":"t"},{"t":"h"},{"t":"e"},{"t":" "},{"t":"m"},{"t":"u"},{"t":"s"},{"t":"e"},{"t":"u"},{"t":"m"},{"t":"."},{"t":" "},{"t":"A"},{"t":"c"},{"t":"c"},{"t":"o"},{"t":"r"},{"t":"d"},{"t":"i"},{"t":"n"},{"t":"g"},{"t":" "},{"t":"t"},{"t":"o"},{"t":" "},{"t":"t"},{"t":"h"},{"t":"e"},{"t":" "},{"t":"3"},{"t":"-"},{"t":"P"},{"t":"a"},{"t":"r"},{"t":"t"},{"t":" "},{"t":"G"},{"t":"r"},{"t":"e"},{"t":"e"},{"t":"t"},{"t":"i"},{"t":"n"},{"t":"g"},{"t":" "},{"t":"p"},{"t":"r"},{"t":"o"},{"t":"t"},{"t":"o"},{"t":"c"},{"t":"o"},{"t":"l"},{"t":","},{"t":" "},{"t":"w"},{"t":"h"},{"t":"a"},{"t":"t"},{"t":" "},{"t":"i"},{"t":"s"},{"t":" "},{"t":"t"},{"t":"h"},{"t":"e"},{"t":" "},{"t":"v"},{"t":"e"},{"t":"r"},{"t":"y"},{"t":" "},{"t":"f"},{"t":"i"},{"t":"r"},{"t":"s"},{"t":"t"},{"t":" "},{"t":"a"},{"t":"c"},{"t":"t"},{"t":"i"},{"t":"o"},{"t":"n"},{"t":" "},{"t":"y"},{"t":"o"},{"t":"u"},{"t":" "},{"t":"s"},{"t":"h"},{"t":"o"},{"t":"u"},{"t":"l"},{"t":"d"},{"t":" "},{"t":"t"},{"t":"a"},{"t":"k"},{"t":"e"},{"t":"?"}]}}}},"a":{"s":"data/islen-91158226/7cd50a65-ad3b-11f0-93ab-c22de71f7873.jpg","w":2304,"h":1792,"t":"i","T":"Firefly_can you please generate a simple and elegant illustration of a docent greeting a muse 437523.jpg"},"f":{"c":{"b":{"o":["8128ab99-7ad6-47b8-b936-ae0052bca3b0"],"B":{"8128ab99-7ad6-47b8-b936-ae0052bca3b0":{"t":"p","k":"8128ab99-7ad6-47b8-b936-ae0052bca3b0","v":"text","tA":"left","c":[{"t":"C"},{"t":"o"},{"t":"r"},{"t":"r"},{"t":"e"},{"t":"c"},{"t":"t"},{"t":"!"},{"t":" "},{"t":"A"},{"t":" "},{"t":"n"},{"t":"o"},{"t":"n"},{"t":"-"},{"t":"v"},{"t":"e"},{"t":"r"},{"t":"b"},{"t":"a"},{"t":"l"},{"t":" "},{"t":"a"},{"t":"c"},{"t":"k"},{"t":"n"},{"t":"o"},{"t":"w"},{"t":"l"},{"t":"e"},{"t":"d"},{"t":"g"},{"t":"m"},{"t":"e"},{"t":"n"},{"t":"t"},{"t":" "},{"t":"i"},{"t":"s"},{"t":" "},{"t":"t"},{"t":"h"},{"t":"e"},{"t":" "},{"t":"c"},{"t":"o"},{"t":"r"},{"t":"r"},{"t":"e"},{"t":"c"},{"t":"t"},{"t":" "},{"t":"f"},{"t":"i"},{"t":"r"},{"t":"s"},{"t":"t"},{"t":" "},{"t":"s"},{"t":"t"},{"t":"e"},{"t":"p"},{"t":","},{"t":" "},{"t":"c"},{"t":"r"},{"t":"e"},{"t":"a"},{"t":"t"},{"t":"i"},{"t":"n"},{"t":"g"},{"t":" "},{"t":"a"},{"t":"n"},{"t":" "},{"t":"i"},{"t":"m"},{"t":"m"},{"t":"e"},{"t":"d"},{"t":"i"},{"t":"a"},{"t":"t"},{"t":"e"},{"t":" "},{"t":"a"},{"t":"n"},{"t":"d"},{"t":" "},{"t":"w"},{"t":"e"},{"t":"l"},{"t":"c"},{"t":"o"},{"t":"m"},{"t":"i"},{"t":"n"},{"t":"g"},{"t":" "},{"t":"c"},{"t":"o"},{"t":"n"},{"t":"n"},{"t":"e"},{"t":"c"},{"t":"t"},{"t":"i"},{"t":"o"},{"t":"n"},{"t":"."}]}}}},"i":{"b":{"o":["b0d00990-c251-4fad-965a-851e35a17cf2"],"B":{"b0d00990-c251-4fad-965a-851e35a17cf2":{"t":"p","k":"b0d00990-c251-4fad-965a-851e35a17cf2","v":"text","tA":"left","c":[]}}}}},"t":"mc","c":{"o":["91fd61ef-f114-41cb-b68e-62b862a4ad7f","c4ad2f3b-bf39-4025-8973-13fceb237e2f","21145056-8cd0-4b1e-a6e0-490640eaa1ad"],"B":{"91fd61ef-f114-41cb-b68e-62b862a4ad7f":{"i":"91fd61ef-f114-41cb-b68e-62b862a4ad7f","t":{"b":{"o":["867ac329-90ee-4bd4-8f9a-4c00a2253ef4"],"B":{"867ac329-90ee-4bd4-8f9a-4c00a2253ef4":{"t":"p","k":"867ac329-90ee-4bd4-8f9a-4c00a2253ef4","v":"text","tA":"left","c":[{"t":"P"},{"t":"o"},{"t":"i"},{"t":"n"},{"t":"t"},{"t":" "},{"t":"t"},{"t":"h"},{"t":"e"},{"t":"m"},{"t":" "},{"t":"t"},{"t":"o"},{"t":"w"},{"t":"a"},{"t":"r"},{"t":"d"},{"t":"s"},{"t":" "},{"t":"t"},{"t":"h"},{"t":"e"},{"t":" "},{"t":"m"},{"t":"a"},{"t":"i"},{"t":"n"},{"t":" "},{"t":"e"},{"t":"x"},{"t":"h"},{"t":"i"},{"t":"b"},{"t":"i"},{"t":"t"},{"t":"."}]}}}},"c":false},"c4ad2f3b-bf39-4025-8973-13fceb237e2f":{"i":"c4ad2f3b-bf39-4025-8973-13fceb237e2f","t":{"b":{"o":["24b07108-1d3f-4945-a86c-b0ff5dcae369"],"B":{"24b07108-1d3f-4945-a86c-b0ff5dcae369":{"t":"p","k":"24b07108-1d3f-4945-a86c-b0ff5dcae369","v":"text","tA":"left","c":[{"t":"M"},{"t":"a"},{"t":"k"},{"t":"e"},{"t":" "},{"t":"e"},{"t":"y"},{"t":"e"},{"t":" "},{"t":"c"},{"t":"o"},{"t":"n"},{"t":"t"},{"t":"a"},{"t":"c"},{"t":"t"},{"t":" "},{"t":"a"},{"t":"n"},{"t":"d"},{"t":" "},{"t":"o"},{"t":"f"},{"t":"f"},{"t":"e"},{"t":"r"},{"t":" "},{"t":"a"},{"t":" "},{"t":"g"},{"t":"e"},{"t":"n"},{"t":"u"},{"t":"i"},{"t":"n"},{"t":"e"},{"t":" "},{"t":"s"},{"t":"m"},{"t":"i"},{"t":"l"},{"t":"e"},{"t":"."}]}}}},"c":true},"21145056-8cd0-4b1e-a6e0-490640eaa1ad":{"i":"21145056-8cd0-4b1e-a6e0-490640eaa1ad","t":{"b":{"o":["99cc9899-4655-4daa-b24f-e58e61020952"],"B":{"99cc9899-4655-4daa-b24f-e58e61020952":{"t":"p","k":"99cc9899-4655-4daa-b24f-e58e61020952","v":"text","tA":"left","c":[{"t":"A"},{"t":"s"},{"t":"k"},{"t":" "},{"t":"\""},{"t":"A"},{"t":"r"},{"t":"e"},{"t":" "},{"t":"y"},{"t":"o"},{"t":"u"},{"t":" "},{"t":"l"},{"t":"o"},{"t":"o"},{"t":"k"},{"t":"i"},{"t":"n"},{"t":"g"},{"t":" "},{"t":"f"},{"t":"o"},{"t":"r"},{"t":" "},{"t":"a"},{"t":"n"},{"t":"y"},{"t":"t"},{"t":"h"},{"t":"i"},{"t":"n"},{"t":"g"},{"t":" "},{"t":"s"},{"t":"p"},{"t":"e"},{"t":"c"},{"t":"i"},{"t":"f"},{"t":"i"},{"t":"c"},{"t":" "},{"t":"t"},{"t":"o"},{"t":"d"},{"t":"a"},{"t":"y"},{"t":"?"},{"t":"\""}]}}}},"c":false}}}},"b95b8427-cc32-4da4-b9e1-7633010a2ace":{"i":"b95b8427-cc32-4da4-b9e1-7633010a2ace","d":{"b":{"o":["22c686b0-1017-4a4e-84cd-f4175a59cf45"],"B":{"22c686b0-1017-4a4e-84cd-f4175a59cf45":{"t":"p","k":"22c686b0-1017-4a4e-84cd-f4175a59cf45","v":"text","tA":"left","c":[{"t":"A"},{"t":" "},{"t":"v"},{"t":"i"},{"t":"s"},{"t":"i"},{"t":"t"},{"t":"o"},{"t":"r"},{"t":" "},{"t":"a"},{"t":"s"},{"t":"k"},{"t":"s"},{"t":" "},{"t":"y"},{"t":"o"},{"t":"u"},{"t":" "},{"t":"a"},{"t":" "},{"t":"q"},{"t":"u"},{"t":"e"},{"t":"s"},{"t":"t"},{"t":"i"},{"t":"o"},{"t":"n"},{"t":" "},{"t":"a"},{"t":"b"},{"t":"o"},{"t":"u"},{"t":"t"},{"t":" "},{"t":"a"},{"t":"n"},{"t":" "},{"t":"a"},{"t":"r"},{"t":"t"},{"t":"i"},{"t":"f"},{"t":"a"},{"t":"c"},{"t":"t"},{"t":","},{"t":" "},{"t":"a"},{"t":"n"},{"t":"d"},{"t":" "},{"t":"y"},{"t":"o"},{"t":"u"},{"t":" "},{"t":"d"},{"t":"o"},{"t":"n"},{"t":"'"},{"t":"t"},{"t":" "},{"t":"k"},{"t":"n"},{"t":"o"},{"t":"w"},{"t":" "},{"t":"t"},{"t":"h"},{"t":"e"},{"t":" "},{"t":"a"},{"t":"n"},{"t":"s"},{"t":"w"},{"t":"e"},{"t":"r"},{"t":"."},{"t":" "},{"t":"W"},{"t":"h"},{"t":"a"},{"t":"t"},{"t":" "},{"t":"i"},{"t":"s"},{"t":" "},{"t":"t"},{"t":"h"},{"t":"e"},{"t":" "},{"t":"m"},{"t":"o"},{"t":"s"},{"t":"t"},{"t":" "},{"t":"p"},{"t":"r"},{"t":"o"},{"t":"f"},{"t":"e"},{"t":"s"},{"t":"s"},{"t":"i"},{"t":"o"},{"t":"n"},{"t":"a"},{"t":"l"},{"t":" "},{"t":"i"},{"t":"n"},{"t":"i"},{"t":"t"},{"t":"i"},{"t":"a"},{"t":"l"},{"t":" "},{"t":"r"},{"t":"e"},{"t":"s"},{"t":"p"},{"t":"o"},{"t":"n"},{"t":"s"},{"t":"e"},{"t":"?"}]}}}},"a":{"s":"data/islen-91158226/12833a43-ad43-11f0-b332-06c060c557c2.jpg","w":2304,"h":1792,"t":"i","T":"Firefly_can you please generate a simple and elegant illustration of a docent greeting a muse 17938.jpg"},"f":{"c":{"b":{"o":["e298cf4e-3307-46d6-8e6b-b3d60d9ad664"],"B":{"e298cf4e-3307-46d6-8e6b-b3d60d9ad664":{"t":"p","k":"e298cf4e-3307-46d6-8e6b-b3d60d9ad664","v":"text","tA":"left","c":[{"t":"C"},{"t":"o"},{"t":"r"},{"t":"r"},{"t":"e"},{"t":"c"},{"t":"t"},{"t":"!"},{"t":" "},{"t":"H"},{"t":"o"},{"t":"n"},{"t":"e"},{"t":"s"},{"t":"t"},{"t":"l"},{"t":"y"},{"t":" "},{"t":"s"},{"t":"t"},{"t":"a"},{"t":"t"},{"t":"i"},{"t":"n"},{"t":"g"},{"t":" "},{"t":"t"},{"t":"h"},{"t":"a"},{"t":"t"},{"t":" "},{"t":"y"},{"t":"o"},{"t":"u"},{"t":" "},{"t":"d"},{"t":"o"},{"t":"n"},{"t":"'"},{"t":"t"},{"t":" "},{"t":"k"},{"t":"n"},{"t":"o"},{"t":"w"},{"t":" "},{"t":"i"},{"t":"s"},{"t":" "},{"t":"t"},{"t":"h"},{"t":"e"},{"t":" "},{"t":"c"},{"t":"o"},{"t":"r"},{"t":"r"},{"t":"e"},{"t":"c"},{"t":"t"},{"t":" "},{"t":"f"},{"t":"i"},{"t":"r"},{"t":"s"},{"t":"t"},{"t":" "},{"t":"s"},{"t":"t"},{"t":"e"},{"t":"p"},{"t":" "},{"t":"i"},{"t":"n"},{"t":" "},{"t":"t"},{"t":"h"},{"t":"e"},{"t":" "},{"t":"\""},{"t":"F"},{"t":"i"},{"t":"n"},{"t":"d"},{"t":" "},{"t":"O"},{"t":"u"},{"t":"t"},{"t":"\""},{"t":" "},{"t":"p"},{"t":"r"},{"t":"o"},{"t":"t"},{"t":"o"},{"t":"c"},{"t":"o"},{"t":"l"},{"t":" "},{"t":"a"},{"t":"n"},{"t":"d"},{"t":" "},{"t":"i"},{"t":"s"},{"t":" "},{"t":"p"},{"t":"r"},{"t":"e"},{"t":"s"},{"t":"e"},{"t":"n"},{"t":"t"},{"t":"e"},{"t":"d"},{"t":" "},{"t":"a"},{"t":"s"},{"t":" "},{"t":"a"},{"t":" "},{"t":"s"},{"t":"t"},{"t":"r"},{"t":"e"},{"t":"n"},{"t":"g"},{"t":"t"},{"t":"h"},{"t":"."}]}}}},"i":{"b":{"o":["ca392943-9a96-47d4-b69d-b9e40e12235a"],"B":{"ca392943-9a96-47d4-b69d-b9e40e12235a":{"t":"p","k":"ca392943-9a96-47d4-b69d-b9e40e12235a","v":"text","tA":"left","c":[]}}}}},"t":"mc","c":{"o":["7dcc8516-d8b5-4fde-afbd-ecf8832bc65d","27a5d327-6ac9-43c4-aaa9-d9c64ac2cb75","634e085e-bcbd-4c6b-86f6-304f28648e14"],"B":{"7dcc8516-d8b5-4fde-afbd-ecf8832bc65d":{"i":"7dcc8516-d8b5-4fde-afbd-ecf8832bc65d","t":{"b":{"o":["949eb81b-f2ec-4209-a9e4-38e954cca7e8"],"B":{"949eb81b-f2ec-4209-a9e4-38e954cca7e8":{"t":"p","k":"949eb81b-f2ec-4209-a9e4-38e954cca7e8","v":"text","tA":"left","c":[{"t":"C"},{"t":"h"},{"t":"a"},{"t":"n"},{"t":"g"},{"t":"e"},{"t":" "},{"t":"t"},{"t":"h"},{"t":"e"},{"t":" "},{"t":"s"},{"t":"u"},{"t":"b"},{"t":"j"},{"t":"e"},{"t":"c"},{"t":"t"},{"t":" "},{"t":"t"},{"t":"o"},{"t":" "},{"t":"a"},{"t":"n"},{"t":" "},{"t":"a"},{"t":"r"},{"t":"t"},{"t":"i"},{"t":"f"},{"t":"a"},{"t":"c"},{"t":"t"},{"t":" "},{"t":"y"},{"t":"o"},{"t":"u"},{"t":" "},{"t":"d"},{"t":"o"},{"t":" "},{"t":"k"},{"t":"n"},{"t":"o"},{"t":"w"},{"t":" "},{"t":"a"},{"t":"b"},{"t":"o"},{"t":"u"},{"t":"t"},{"t":"."}]}}}},"c":false},"27a5d327-6ac9-43c4-aaa9-d9c64ac2cb75":{"i":"27a5d327-6ac9-43c4-aaa9-d9c64ac2cb75","t":{"b":{"o":["02386e6c-36e7-49ca-8f91-0427b5de93a7"],"B":{"02386e6c-36e7-49ca-8f91-0427b5de93a7":{"t":"p","k":"02386e6c-36e7-49ca-8f91-0427b5de93a7","v":"text","tA":"left","c":[{"t":"G"},{"t":"i"},{"t":"v"},{"t":"e"},{"t":" "},{"t":"y"},{"t":"o"},{"t":"u"},{"t":"r"},{"t":" "},{"t":"b"},{"t":"e"},{"t":"s"},{"t":"t"},{"t":" "},{"t":"g"},{"t":"u"},{"t":"e"},{"t":"s"},{"t":"s"},{"t":" "},{"t":"b"},{"t":"a"},{"t":"s"},{"t":"e"},{"t":"d"},{"t":" "},{"t":"o"},{"t":"n"},{"t":" "},{"t":"s"},{"t":"i"},{"t":"m"},{"t":"i"},{"t":"l"},{"t":"a"},{"t":"r"},{"t":" "},{"t":"a"},{"t":"r"},{"t":"t"},{"t":"i"},{"t":"f"},{"t":"a"},{"t":"c"},{"t":"t"},{"t":"s"},{"t":"."}]}}}},"c":false},"634e085e-bcbd-4c6b-86f6-304f28648e14":{"i":"634e085e-bcbd-4c6b-86f6-304f28648e14","t":{"b":{"o":["0065b888-91d0-46c1-8e8c-10a48321d6d8"],"B":{"0065b888-91d0-46c1-8e8c-10a48321d6d8":{"t":"p","k":"0065b888-91d0-46c1-8e8c-10a48321d6d8","v":"text","tA":"left","c":[{"t":"P"},{"t":"o"},{"t":"l"},{"t":"i"},{"t":"t"},{"t":"e"},{"t":"l"},{"t":"y"},{"t":" "},{"t":"s"},{"t":"t"},{"t":"a"},{"t":"t"},{"t":"e"},{"t":" "},{"t":"t"},{"t":"h"},{"t":"a"},{"t":"t"},{"t":" "},{"t":"y"},{"t":"o"},{"t":"u"},{"t":" "},{"t":"d"},{"t":"o"},{"t":" "},{"t":"n"},{"t":"o"},{"t":"t"},{"t":" "},{"t":"k"},{"t":"n"},{"t":"o"},{"t":"w"},{"t":" "},{"t":"t"},{"t":"h"},{"t":"e"},{"t":" "},{"t":"a"},{"t":"n"},{"t":"s"},{"t":"w"},{"t":"e"},{"t":"r"},{"t":"."}]}}}},"c":true}}}}}},"r":null},"iL":false,"ss":{"m":{"a":-1,"ps":80,"tl":1200000,"tle":false,"sae":false,"sqe":false,"scae":true,"sfe":true,"ig":false}},"si":{"t":"inner"},"ds":{}}}}},"nd":{"hh":[]}}}}},"settings":{"a":{"d":"ltr"},"d":{"aC":"#003DAE","cf":{"i":"inter","t":"builtIn"},"hf":{"i":"inter","t":"builtIn"}},"m":{"cE":true,"gd":{"gM":"noGrade"},"nT":"free","chc":-1},"n":{"cdt":"withPagesAndHeaders","nbE":true,"inpc":true}},"version":47,"customFonts":[]}