<?xml version="1.0" encoding="UTF-8"?>
<manifest identifier="ad469e76-cb05-411b-b8bb-86145e7e8b8b" xmlns="http://www.imsproject.org/xsd/imscp_rootv1p1p2" xmlns:adlcp="http://www.adlnet.org/xsd/adlcp_rootv1p2" xmlns:xsi="http://www.w3.org/2001/XMLSchema-instance" xmlns:lom="http://www.imsglobal.org/xsd/imsmd_rootv1p2p1" xsi:schemaLocation="http://www.imsproject.org/xsd/imscp_rootv1p1p2 imscp_rootv1p1p2.xsd http://www.imsglobal.org/xsd/imsmd_rootv1p2p1 imsmd_rootv1p2p1.xsd http://www.adlnet.org/xsd/adlcp_rootv1p2 adlcp_rootv1p2.xsd">
    <metadata>
        <schema>ADL SCORM</schema>
        <schemaversion>1.2</schemaversion>
        <lom:lom>
            <lom:general>
                <lom:title>
                    <lom:langstring>Guest Engagement</lom:langstring>
                </lom:title>
            </lom:general>
        </lom:lom>
    </metadata>
    <organizations default="05eaef8e-ad2f-11f0-9283-c22de71f7873_org">
        <organization identifier="05eaef8e-ad2f-11f0-9283-c22de71f7873_org">
            <title>Guest Engagement</title>
            <item identifier="05eaef8e-ad2f-11f0-9283-c22de71f7873" identifierref="resource">
                <title>Guest Engagement</title>
            </item>
        </organization>
    </organizations>
    <resources>
        <resource identifier="resource" type="webcontent" adlcp:scormtype="sco" href="res/index.html">
            <file href="res/js/fast-average-color-7.1.0.umd.js"></file>
            <file href="res/js/focus-visible-5.2.0.iife.js"></file>
            <file href="res/js/hls.js-1.6.2.umd.js"></file>
            <file href="res/js/hyperhtml-2.34.2.umd.js"></file>
            <file href="res/js/immer-6.0.9.umd.js"></file>
            <file href="res/js/luxon-3.4.4.umd.js"></file>
            <file href="res/js/output.min.js"></file>
            <file href="res/js/protobufjs-6.8.8.umd.js"></file>
            <file href="res/js/react-19.1.0.umd.js"></file>
            <file href="res/js/react-dom-19.1.0.umd.js"></file>
            <file href="res/js/reatom-v1-1.1.5.umd.js"></file>
            <file href="res/js/res/EmptyStateLock-JOKGWW5F.png"></file>
            <file href="res/js/res/EmptyStatePreFilledImage-MIFR5ML7.svg"></file>
            <file href="res/styles/bundle.css"></file>
            <file href="res/styles/fonts/jb-mono-bold-italic_75ca6e40.woff"></file>
            <file href="res/styles/fonts/jb-mono-bold_98303ebd.woff"></file>
            <file href="res/styles/fonts/jb-mono-regular-italic_d49a26b5.woff"></file>
            <file href="res/styles/fonts/jb-mono-regular_8c33f3c.woff"></file>
            <file href="res/styles/fonts/roboto-bold-italic_da1a3932.woff2"></file>
            <file href="res/styles/fonts/roboto-bold_3a4bac1d.woff2"></file>
            <file href="res/styles/fonts/roboto-medium-italic_f3e02675.woff2"></file>
            <file href="res/styles/fonts/roboto-medium_513df3a1.woff2"></file>
            <file href="res/styles/fonts/roboto-regular-italic_b3e37f46.woff2"></file>
            <file href="res/styles/fonts/roboto-regular_da6cc2e.woff2"></file>
            <file href="res/styles/res/FallbackTile_88eb17b.svg"></file>
            <file href="res/styles/res/arrow-icon-left_9424b54a.svg"></file>
            <file href="res/styles/res/arrow-icon-right_4bfe2449.svg"></file>
            <file href="res/styles/res/default-background-image_301b2040.svg"></file>
            <file href="res/styles/res/watermark-logo_9d0cfd7e.svg"></file>
            <file href="res/unsupportedBrowser/fonts/fonts.css"></file>
            <file href="res/unsupportedBrowser/fonts/roboto-bold-italic.woff2"></file>
            <file href="res/unsupportedBrowser/fonts/roboto-bold.woff2"></file>
            <file href="res/unsupportedBrowser/fonts/roboto-medium-italic.woff2"></file>
            <file href="res/unsupportedBrowser/fonts/roboto-medium.woff2"></file>
            <file href="res/unsupportedBrowser/fonts/roboto-regular-italic.woff2"></file>
            <file href="res/unsupportedBrowser/fonts/roboto-regular.woff2"></file>
            <file href="res/unsupportedBrowser/unsupported-browser.html"></file>
            <file href="res/unsupportedBrowser/unsupported-browser.js"></file>
            <file href="res/unsupportedBrowser/unsupportedBrowserImages/Chrome.png"></file>
            <file href="res/unsupportedBrowser/unsupportedBrowserImages/Edge.png"></file>
            <file href="res/unsupportedBrowser/unsupportedBrowserImages/Firefox.png"></file>
            <file href="res/unsupportedBrowser/unsupportedBrowserImages/Safari.png"></file>
            <file href="res/goodbye.html"></file>
            <file href="res/fonts/inter/inter-bold-italic.woff2"></file>
            <file href="res/fonts/inter/inter-bold.woff2"></file>
            <file href="res/fonts/inter/inter-regular-italic.woff2"></file>
            <file href="res/fonts/inter/inter-regular.woff2"></file>
            <file href="res/fonts/inter/inter-semiBold-italic.woff2"></file>
            <file href="res/fonts/inter/inter-semiBold.woff2"></file>
            <file href="res/fonts/inter/inter-bold-italic.woff2"></file>
            <file href="res/fonts/inter/inter-bold.woff2"></file>
            <file href="res/fonts/inter/inter-regular-italic.woff2"></file>
            <file href="res/fonts/inter/inter-regular.woff2"></file>
            <file href="res/fonts/inter/inter-semiBold-italic.woff2"></file>
            <file href="res/fonts/inter/inter-semiBold.woff2"></file>
            <file href="res/index.html"></file>
            <file href="res/connectors/scorm.min.js"></file>
            <file href="res/lng/en-US/messages.json"></file>
            <file href="res/data-1.json"></file>
            <file href="res/data/islen-91158226/9e06e464-ad32-11f0-b245-06c060c557c2.png"></file>
            <file href="res/data/islen-91158226/7cd50a65-ad3b-11f0-93ab-c22de71f7873.jpg"></file>
            <file href="res/data/islen-91158226/12833a43-ad43-11f0-b332-06c060c557c2.jpg"></file>
        </resource>
    </resources>
</manifest>