{"Common.Cancel":"Cancel","Common.Close":"Close","Common.Colon":"{text}:","Common.CopyHeaderLink":"Copy link to this header","Common.Done":"Done","Common.Editor.AudioBlock.Volume.Mute":"Mute","Common.Editor.AudioBlock.Volume.Unmute":"Unmute","Common.Editor.DeleteImage.TooltipText":"Delete image","Common.Editor.ImageControls.MediaToolbar.Replace":"Replace","Common.Editor.Settings.Design.Font.Toast.LoadFailed":"Failed to add the font {name}. Content item is displayed in standard browser font.","Common.Error.SessionExpired":"Your session has expired. Please refresh the page.","Common.FileSize.ToGb":"{volume} GB","Common.FileSize.ToKb":"{volume} kB","Common.FileSize.ToMb":"{volume} MB","Common.ImageEditor.Action.Edit":"Edit","Common.ImageZoom.Tooltip.Decrease":"Zoom out","Common.ImageZoom.Tooltip.Increase":"Zoom in","Common.ImageZoom.Tooltip.ResetScale":"Reset to original size","Common.LearnMore":"Learn More","Common.LinkCopied.Clipboard":"Link copied.","IconPicker.Advertisement.Name":"loudspeaker","IconPicker.Alert.Name":"warning","IconPicker.Apple.Name":"apple","IconPicker.Applications.Name":"apps","IconPicker.ArrowShare.Name":"share arrow","IconPicker.Attach.Name":"attachment","IconPicker.BagShopping.Name":"handbag","IconPicker.BasketBall.Name":"basketball","IconPicker.BasketShopping.Name":"shopping basket","IconPicker.Bicycle.Name":"bicycle","IconPicker.Binoculars.Name":"binoculars","IconPicker.BookClosed.Name":"book","IconPicker.BookOpen.Name":"open book","IconPicker.BookShelf.Name":"shelved books","IconPicker.Bookmark.Name":"bookmark","IconPicker.BowlingBallPins.Name":"bowling ball and pins","IconPicker.Branch.Name":"branching","IconPicker.Brush.Name":"flat paintbrush","IconPicker.Bucket.Name":"bucket","IconPicker.Building.Name":"building","IconPicker.Bulb.Name":"light bulb","IconPicker.Bus.Name":"bus","IconPicker.Calendar.Name":"calendar","IconPicker.Car.Name":"car","IconPicker.CardHolder.Name":"card holder","IconPicker.CartShopping.Name":"shopping cart","IconPicker.Case.Name":"briefcase","IconPicker.Chart.Name":"bar chart","IconPicker.CheckList.Name":"checklist","IconPicker.CheckSign.Name":"check mark","IconPicker.CircleCheck.Name":"check mark","IconPicker.CircleUser.Name":"profile","IconPicker.Clock.Name":"clock","IconPicker.Cloud.Name":"cloud","IconPicker.CloudArrow.Name":"upload to cloud","IconPicker.Code.Name":"code","IconPicker.Compass.Name":"compass","IconPicker.Crane.Name":"crane","IconPicker.CreditCard.Name":"credit card","IconPicker.CrossSign.Name":"cross mark","IconPicker.CupCoffee.Name":"cup","IconPicker.CupPaperCoffee.Name":"paper cup","IconPicker.Database.Name":"database","IconPicker.DesktopScreen.Name":"desktop screen","IconPicker.Diamond.Name":"diamond","IconPicker.DishSpoon.Name":"fork and plate","IconPicker.DonutChart.Name":"pie chart","IconPicker.Dumbbell.Name":"weights","IconPicker.Envelope.Name":"letter in envelope","IconPicker.Eye.Name":"eye","IconPicker.File.Name":"file","IconPicker.FileCheck.Name":"file with a checkmark","IconPicker.Files.Name":"files","IconPicker.Fire.Name":"fire","IconPicker.FireExtinguisher.Name":"fire extinguisher","IconPicker.Flag.Name":"flag","IconPicker.Folder.Name":"folder","IconPicker.Gauge.Name":"speedometer","IconPicker.Globe.Name":"globe","IconPicker.Group.Icons":"Icons","IconPicker.Group.Numbers":"Numbers","IconPicker.GrowthChart.Name":"chart increasing","IconPicker.HammerTool.Name":"hammer","IconPicker.Handshake.Name":"handshake","IconPicker.Headphones.Name":"headphones","IconPicker.HeadphonesMicrophone.Name":"headset","IconPicker.Heart.Name":"heart","IconPicker.Home.Name":"home","IconPicker.Icecream.Name":"ice cream","IconPicker.Inbox.Name":"inbox","IconPicker.Industry.Name":"factory","IconPicker.Key.Name":"key","IconPicker.LaptopScreen.Name":"laptop screen","IconPicker.LightningBolt.Name":"lightning bolt","IconPicker.Link.Name":"hyperlink","IconPicker.Lipstick.Name":"lipstick","IconPicker.LocationDot.Name":"location pin","IconPicker.Lock.Name":"lock","IconPicker.Magnifier.Name":"magnifying glass","IconPicker.Map.Name":"map","IconPicker.Medal.Name":"medal","IconPicker.Message.Name":"message bubble","IconPicker.Messages.Name":"chat bubbles","IconPicker.Microphone.Name":"microphone","IconPicker.MobileScreen.Name":"mobile phone screen","IconPicker.Money.Name":"money","IconPicker.Newspaper.Name":"newspaper","IconPicker.PaintingBrush.Name":"paintbrush","IconPicker.Palette.Name":"palette","IconPicker.Pants.Name":"pants","IconPicker.PaperBox.Name":"box","IconPicker.PaperPlane.Name":"paper plane","IconPicker.PaperStack.Name":"paper stack","IconPicker.Pen.Name":"pen","IconPicker.Pencil.Name":"pencil","IconPicker.Percent.Name":"percent","IconPicker.PhotoCamera.Name":"photo camera","IconPicker.PictureStack.Name":"photo gallery","IconPicker.Pin.Name":"pushpin","IconPicker.Plane.Name":"airplane","IconPicker.PlusHeacy.Name":"ambulance cross","IconPicker.Pulse.Name":"heartbeat","IconPicker.PuzzlePiece.Name":"puzzle piece","IconPicker.Ring.Name":"bell","IconPicker.Robot.Name":"robot","IconPicker.Rocket.Name":"rocket","IconPicker.SafetyHelmet.Name":"safety helmet","IconPicker.Sailboat.Name":"sailboat","IconPicker.Scissors.Name":"scissors","IconPicker.Screw.Name":"bolt","IconPicker.Settings.Name":"settings gear","IconPicker.Shirt.Name":"t-shirt","IconPicker.ShoeHighHeel.Name":"high-heeled shoe","IconPicker.SignsPost.Name":"road sign","IconPicker.Skateboard.Name":"skateboard","IconPicker.Sneaker.Name":"running shoe","IconPicker.Sparkles.Name":"sparkles","IconPicker.SprayCanSparkles.Name":"spray","IconPicker.Star.Name":"star","IconPicker.Sthetoscope.Name":"stethoscope","IconPicker.Stopwatch.Name":"stopwatch","IconPicker.Suitcase.Name":"suitcase","IconPicker.SunGlasses.Name":"sunglasses","IconPicker.TableTennis.Name":"ping pong","IconPicker.TabletScreen.Name":"tablet screen","IconPicker.Tags.Name":"labels","IconPicker.Target.Name":"bullseye","IconPicker.TennisBall.Name":"tennis ball","IconPicker.Terminal.Name":"command line","IconPicker.ThumbDown.Name":"thumbs down","IconPicker.ThumbUp.Name":"thumbs up","IconPicker.ToolCase.Name":"toolbox","IconPicker.TradePoint.Name":"store","IconPicker.TrafficCone.Name":"traffic cone","IconPicker.Trophy.Name":"trophy","IconPicker.UmbrellaBeach.Name":"beach umbrella","IconPicker.UpdateArrows.Name":"refresh arrows","IconPicker.User.Name":"user icon","IconPicker.UserGroup.Name":"group icon","IconPicker.Video.Name":"film frames","IconPicker.VideoCamera.Name":"video camera","IconPicker.Wallet.Name":"wallet","IconPicker.WandMagicSparkles.Name":"magic wand","IconPicker.Whistle.Name":"whistle","IconPicker.Wrench.Name":"wrench","Learn.ProctoringBadge.Label":"Validation and verification by ProctorEdu","Learn.ProctoringBadge.OctoProctor.Label":"Validation and verification by OctoProctor","Learn.ProctoringBadge.OctoProctor.Tooltip":"The proctoring platform, OctoProctor, collects, processes and stores data for validation and verification purposes.","Learn.ProctoringBadge.Tooltip":"The proctoring platform, ProctorEdu, collects, processes and stores data for validation and verification purposes.","MarkerImagePicker.IconArrowDown.Name":"down arrow","MarkerImagePicker.IconArrowDowngrade.Name":"down-right arrow","MarkerImagePicker.IconArrowDowngradeLeft.Name":"down-left arrow","MarkerImagePicker.IconArrowLeft.Name":"left arrow","MarkerImagePicker.IconArrowRight.Name":"right arrow","MarkerImagePicker.IconArrowUp.Name":"up arrow","MarkerImagePicker.IconArrowUpgrade.Name":"up-right arrow","MarkerImagePicker.IconArrowUpgradeLeft.Name":"up-left arrow","MarkerImagePicker.IconBookmark.Name":"bookmark","MarkerImagePicker.IconBulb.Name":"light bulb","MarkerImagePicker.IconCheckSign.Name":"check mark","MarkerImagePicker.IconCross.Name":"cross mark","MarkerImagePicker.IconFire.Name":"fire","MarkerImagePicker.IconFlag.Name":"flag","MarkerImagePicker.IconHeadphones.Name":"headphones","MarkerImagePicker.IconHeart.Name":"heart","MarkerImagePicker.IconLightningBolt.Name":"lightning bolt","MarkerImagePicker.IconLocationDot.Name":"location pin","MarkerImagePicker.IconMinus.Name":"minus","MarkerImagePicker.IconPhotoCamera.Name":"photo camera","MarkerImagePicker.IconPin.Name":"pushpin","MarkerImagePicker.IconPlus.Name":"plus","MarkerImagePicker.IconPuzzlePiece.Name":"puzzle piece","MarkerImagePicker.IconQuestion.Name":"question mark","MarkerImagePicker.IconStar.Name":"star","MarkerImagePicker.IconVideoCamera.Name":"video camera","MarkerImagePicker.Number1.Name":"one","MarkerImagePicker.Number10.Name":"ten","MarkerImagePicker.Number11.Name":"eleven","MarkerImagePicker.Number12.Name":"twelve","MarkerImagePicker.Number13.Name":"thirteen","MarkerImagePicker.Number14.Name":"fourteen","MarkerImagePicker.Number15.Name":"fifteen","MarkerImagePicker.Number16.Name":"sixteen","MarkerImagePicker.Number17.Name":"seventeen","MarkerImagePicker.Number18.Name":"eighteen","MarkerImagePicker.Number19.Name":"nineteen","MarkerImagePicker.Number2.Name":"two","MarkerImagePicker.Number20.Name":"twenty","MarkerImagePicker.Number3.Name":"three","MarkerImagePicker.Number4.Name":"four","MarkerImagePicker.Number5.Name":"five","MarkerImagePicker.Number6.Name":"six","MarkerImagePicker.Number7.Name":"seven","MarkerImagePicker.Number8.Name":"eight","MarkerImagePicker.Number9.Name":"nine","Quiz.Editor.Choices.DefaultAnswer":"Option {index}","Quiz.Editor.Matching.DefaultElement":"Item {index}","Quiz.Editor.Matching.DefaultMatch":"Match {index}","Quiz.Editor.Question.Feedback.Answered":"Thanks for your answer!","Quiz.Editor.Question.Feedback.CorrectText":"Your answer is correct.","Quiz.Editor.Question.Feedback.IncorrectText":"Sorry, your answer is incorrect.","Quiz.Editor.Results.Completed.Message":"Thanks for taking the quiz.","Quiz.Editor.Results.Completed.Title":"Quiz Complete!","Quiz.Editor.Results.Failed.Message":"Sorry, you did not pass the quiz.","Quiz.Editor.Results.Failed.Title":"You did not pass.","Quiz.Editor.Results.Passed.Message":"You have successfully completed the quiz.","Quiz.Editor.Results.Passed.Title":"Congratulations, you passed!","Quiz.Editor.SequenceElements.DefaultAnswer":"Option {index}","Quiz.Editor.Sorting.DefaultCard":"Card {index}","Quiz.Editor.Sorting.DefaultCategory":"Category {index}","Quiz.Editor.Sorting.DefaultImageCard":"Image {index}","Quiz.Editor.TypeIn.Answer":"Answer","Quiz.Player.Intro.StartQuiz":"Start","Quiz.Player.Question.Continue":"Continue","Quiz.Player.Question.CorrectAnswer":"Correct Answer:","Quiz.Player.Question.Feedback.Correct":"Correct","Quiz.Player.Question.Feedback.Incorrect":"Incorrect","Quiz.Player.Question.GoToResults":"Results","Quiz.Player.Question.Matching.ChooseYourAnswer":"Select a match","Quiz.Player.Question.Number.Label":"Question {current} out of {total}","Quiz.Player.Question.Sorting.Category.ExpandButton.Title":"Expand","Quiz.Player.Question.Sorting.CorrectAnswer":"Correct answer","Quiz.Player.Question.Sorting.Counter":"{answered}/{total}","Quiz.Player.Question.Sorting.EmptyCategory.CorrectAnswer":"It should be empty in here","Quiz.Player.Question.Sorting.EmptyCategory.UserAnswer":"It’s empty in here","Quiz.Player.Question.Sorting.Hint":"Drag the cards to the correct categories.","Quiz.Player.Question.Sorting.Restart":"Start Over","Quiz.Player.Question.Sorting.UserAnswer":"Your answer","Quiz.Player.Question.Submit":"Submit","Quiz.Player.Question.YourAnswer":"Your Answer:","Quiz.Player.QuizEndTimePopup.Description":"You've reached the time limit for this quiz.","Quiz.Player.QuizEndTimePopup.ResultsButtonLabel":"Results","Quiz.Player.QuizStartInfoMessage.Description":"You have {minutes} min {seconds} sec to pass this quiz.","Quiz.Player.QuizStartInfoMessage.Description.WithoutMinutes":"You have {seconds} sec to pass this quiz.","Quiz.Player.QuizStartInfoMessage.Description.WithoutSeconds":"You have {minutes} min to pass this quiz.","Quiz.Player.Results.FinishQuiz":"Finish","Quiz.Player.Results.Graph.PassingScoreDescription":"Passing score:","Quiz.Player.Results.RestartQuiz":"Try Again","Quiz.Player.Sequence.Hint":"Drag the items to arrange them","Quiz.Player.Timer":"{minutes} min {seconds} sec","Quiz.Player.Timer.WithoutMinutes":"{seconds} sec","Quiz.Player.Timer.WithoutSeconds":"{minutes} min","Quiz.Player.TypeIn.CorrectAnswers":"Acceptable answers","Roll.Common.AudioBlock.Speed":"Speed","Roll.Common.ChapterDefaultTitle":"New Chapter","Roll.Common.CodeBlock.Copied":"Code has been copied","Roll.Common.CodeBlock.CopyCode":"Copy","Roll.Common.CodeBlock.Placeholder":"Code","Roll.Common.CurrentChapterFromTotal":"Chapter {current} of {total}","Roll.Common.HyperLink.BlockRemoved":"Block deleted","Roll.Common.HyperLink.PageRemoved":"Chapter deleted","Roll.Common.IntroDefaultTitle":"New Page","Roll.Common.Video.ErrorStub.Description":"Please try again.","Roll.Common.Video.ErrorStub.PlayerTitle":"Video Unavailable","Roll.Common.Video.ErrorStub.Title":"Couldn't upload video","Roll.Common.Video.ProcessingStub.Description":"You'll be able to view it once processing is complete.","Roll.Common.Video.ProcessingStub.Title":"Video is currently processing...","Roll.Editor.AccordionBlock.Content.Title.Default":"New Item","Roll.Editor.AttachmentBlock.DownloadButtonTooltip":"Download","Roll.Editor.AttachmentBlock.UpdateButtonTooltip":"Replace","Roll.Editor.AudioBlock.Text.DescriptionPlaceholder":"Add a description here…","Roll.Editor.AudioBlock.Text.TitlePlaceholder":"Add a title here…","Roll.Editor.Continue.DefaultText":"Continue","Roll.Editor.Divider.Default.Rectangle.Paragraph.Text":"Text","Roll.Editor.FlipCardsBlock.AddImage.Placeholder":"Add image","Roll.Editor.FlipCardsBlock.Card.TextPlaceholder":"Add your text…","Roll.Editor.FlipCardsBlock.DefaultText.BackTextSide":"Description","Roll.Editor.FlipCardsBlock.DefaultText.FrontTextSide":"Card title","Roll.Editor.ImageLoading.Label":"Loading an image...","Roll.Editor.MediaCaptionDefaultText":"Add a caption (optional)","Roll.Editor.Navigation.Edit":"Edit outline","Roll.Editor.Navigation.HeaderActions.Hide":"Remove from Outline","Roll.Editor.Navigation.HeaderActions.Hide.Helper":"This heading will be hidden from the Outline for readers","Roll.Editor.QuizBlock.DefaultTitle":"Let's test your knowledge!","Roll.Editor.TabsBlock.Content.Title.Default":"New Tab","Roll.Exercise.Question.Content.PossibleAnswer":"Answer choice","Roll.Exercise.TypeIn.Answer":"Answer","Roll.Note.Placeholder":"Type your text here…","Roll.Player.Complete":"Complete","Roll.Player.Continue":"Continue","Roll.Player.ExpiredStub.Description":"This page is not accessible yet or the viewing period has ended.","Roll.Player.ExpiredStub.Title":"Content Not Available","Roll.Player.GotoNextChapterLink":"Next: {title}","Roll.Player.HyperLink.NotAccess.Block":"Link will be available later in this chapter.","Roll.Player.HyperLink.NotAccess.Text":"Link available after viewing the \"{chapter_title}\" chapter.","Roll.Player.Navigation.DisabledPage.Tooltip.Text":"Complete this course in the recommended order","Roll.Player.Navigation.HiddenContent.Tooltip.Text":"To continue, click on the navigation buttons on the page 👉","Watermark.Trial.Text":"Created with {product}"}
